datetime,serp_level_m,serp_level_cm,serp_daily_change_cm,serp_abs_m_bs,serp_source,kim_kashira_cm,kim_kaluga_cm,kim_ryazan_cm,cugms_serp_change_cm,cugms_kashira_change_cm,cugms_review_number,temp,precip_mm,snow_depth_cm,flood_weather_index,alert_level,days_to_nya,days_to_oya,glofas_belev_discharge,glofas_kaluga_discharge,glofas_tarusa_discharge,glofas_peak_station,glofas_peak_date,glofas_serpukhov_arrival,notes
2026-06-03T18:48:45.562669+00:00,0.89,89.0,-10.0,108.43,ok,,,,-26.0,-26.0,39,23.2,0,0,4,НОРМА,,,97.4,256.0,273.8,Таруса,2026-06-04,2026-06-08–2026-06-10,Паводковый индекс 4/4
2026-06-03T21:48:03.239344+00:00,0.89,89.0,-10.0,108.43,ok,,,,-26.0,-26.0,39,23.2,0,0,4,НОРМА,,,,,273.8,Таруса,2026-06-04,2026-06-04–2026-06-06,Паводковый индекс 4/4
2026-06-04T06:46:23.546265+00:00,0.89,89.0,-10.0,108.43,ok,,,,-26.0,-26.0,39,24.7,0.1,0,4,НОРМА,,,91.7,243.9,262.0,Таруса,2026-06-05,2026-06-09–2026-06-11,Паводковый индекс 4/4
2026-06-04T08:42:17.405190+00:00,0.89,89.0,-10.0,108.43,ok,,,,-26.0,-26.0,39,24.7,0.1,0,4,НОРМА,,,91.7,243.9,,Калуга,2026-06-05,2026-06-09–2026-06-11,Паводковый индекс 4/4
2026-06-04T12:34:38.300163+00:00,0.89,89.0,-10.0,108.43,ok,,,,-26.0,-26.0,39,,,,,НОРМА,,,91.7,243.9,,Алексин,2026-06-05,2026-06-09–2026-06-11,
2026-06-04T17:47:32.441398+00:00,0.89,89.0,-10.0,108.43,ok,,,,-26.0,-26.0,39,25.5,0,0,4,НОРМА,,,91.7,243.9,,Алексин,2026-06-05,2026-06-09–2026-06-11,Паводковый индекс 4/4
2026-06-04T20:55:02.105059+00:00,0.89,89.0,-10.0,108.43,ok,,,,-26.0,-26.0,39,25.5,0,0,4,НОРМА,,,91.7,243.9,262.0,Таруса,2026-06-05,2026-06-09–2026-06-11,Паводковый индекс 4/4
2026-06-05T06:27:17.161480+00:00,0.89,89.0,-10.0,108.43,ok,,,,-26.0,-26.0,39,24.4,0,0,4,НОРМА,,,86.1,231.3,,Калуга,2026-06-06,2026-06-10–2026-06-12,Паводковый индекс 4/4
2026-06-05T08:37:10.684951+00:00,0.89,89.0,-10.0,108.43,ok,,,,-26.0,-26.0,39,24.4,0,0,4,НОРМА,,,,,249.0,Таруса,2026-06-06,2026-06-06–2026-06-08,Паводковый индекс 4/4
2026-06-05T12:28:32.018801+00:00,0.89,89.0,-10.0,108.43,ok,,,,-26.0,-26.0,39,24.6,0.1,0,4,НОРМА,,,86.1,,249.0,Таруса,2026-06-06,2026-06-10–2026-06-12,Паводковый индекс 4/4
2026-06-05T17:21:42.855223+00:00,0.89,89.0,-10.0,108.43,ok,,,,-26.0,-26.0,39,24.9,0,0,4,НОРМА,,,86.1,231.3,,Калуга,2026-06-18,2026-06-22–2026-06-24,Паводковый индекс 4/4
2026-06-05T20:47:39.679836+00:00,0.89,89.0,-10.0,108.43,ok,,,,-26.0,-26.0,39,24.9,0,0,4,НОРМА,,,86.1,231.3,,Калуга,2026-06-18,2026-06-22–2026-06-24,Паводковый индекс 4/4
2026-06-06T05:57:01.053541+00:00,0.89,89.0,-10.0,108.43,ok,,,,-26.0,-26.0,39,24.4,0,0,4,НОРМА,,,82.0,219.8,,Калуга,2026-06-18,2026-06-22–2026-06-24,Паводковый индекс 4/4
2026-06-06T07:38:42.563583+00:00,0.89,89.0,-10.0,108.43,ok,,,,-26.0,-26.0,39,24.2,0,0,4,НОРМА,,,82.0,219.8,236.1,Таруса,2026-06-19,2026-06-22–2026-06-24,Паводковый индекс 4/4
2026-06-06T11:13:11.593666+00:00,0.89,89.0,-10.0,108.43,ok,,,,-26.0,-26.0,39,24.4,0,0,4,НОРМА,,,82.0,219.8,236.1,Таруса,2026-06-19,2026-06-22–2026-06-24,Паводковый индекс 4/4
2026-06-06T16:10:21.530152+00:00,0.89,89.0,-10.0,108.43,ok,,,,-26.0,-26.0,39,24.2,0,0,4,НОРМА,,,,219.8,236.1,Таруса,2026-06-07,2026-06-07–2026-06-09,Паводковый индекс 4/4
2026-06-06T20:08:24.010516+00:00,0.89,89.0,-10.0,108.43,ok,,,,-26.0,-26.0,39,24.2,0,0,4,НОРМА,,,82.0,219.8,236.1,Таруса,2026-06-07,2026-06-11–2026-06-13,Паводковый индекс 4/4
2026-06-07T06:30:35.045446+00:00,0.89,89.0,-10.0,108.43,ok,,,,-26.0,-26.0,39,26.0,0,0,4,НОРМА,,,77.3,208.4,,Алексин,2026-06-22,2026-06-12–2026-06-14,Паводковый индекс 4/4
2026-06-07T08:17:32.213440+00:00,0.89,89.0,-10.0,108.43,ok,,,,-26.0,-26.0,39,26.0,0,0,4,НОРМА,,,77.3,208.4,,Алексин,2026-06-22,2026-06-12–2026-06-14,Паводковый индекс 4/4
2026-06-07T11:30:16.528164+00:00,0.89,89.0,-10.0,108.43,ok,,,,-26.0,-26.0,39,26.4,0,0,4,НОРМА,,,77.3,208.4,223.9,Таруса,2026-06-22,2026-06-12–2026-06-14,Паводковый индекс 4/4
2026-06-07T16:21:01.592943+00:00,0.89,89.0,-10.0,108.43,ok,,,,-26.0,-26.0,39,25.7,0,0,4,НОРМА,,,77.3,208.4,223.9,Таруса,2026-06-08,2026-06-12–2026-06-14,Паводковый индекс 4/4
2026-06-07T20:11:10.133495+00:00,0.89,89.0,-10.0,108.43,cached,,,,-26.0,-26.0,39,25.7,0,0,4,НОРМА,,,77.3,,223.9,Таруса,2026-06-08,2026-06-12–2026-06-14,Паводковый индекс 4/4
2026-06-08T06:48:22.959678+00:00,0.89,89.0,-10.0,108.43,ok,,,,-26.0,-26.0,39,27.3,0,0,4,НОРМА,,,72.5,198.5,212.8,Таруса,2026-06-09,2026-06-13–2026-06-15,Паводковый индекс 4/4
2026-06-08T09:16:04.206947+00:00,0.89,89.0,-10.0,108.43,ok,,,,-26.0,-26.0,39,27.3,0,0,4,НОРМА,,,72.5,198.5,212.8,Таруса,2026-06-09,2026-06-13–2026-06-15,Паводковый индекс 4/4
2026-06-08T13:55:58.836067+00:00,0.89,89.0,-10.0,108.43,ok,,,,-26.0,-26.0,39,27.1,0,0,4,НОРМА,,,72.5,198.5,212.8,Таруса,2026-06-09,2026-06-13–2026-06-15,Паводковый индекс 4/4
2026-06-08T17:58:51.627229+00:00,0.89,89.0,-10.0,108.43,ok,,,,-26.0,-26.0,39,27.0,0,0,4,НОРМА,,,,198.5,,Алексин,2026-06-09,2026-06-10–2026-06-12,Паводковый индекс 4/4
2026-06-08T21:10:39.252100+00:00,0.89,89.0,-10.0,108.43,ok,,,,-26.0,-26.0,39,27.0,0,0,4,НОРМА,,,72.5,,212.8,Таруса,2026-06-09,2026-06-13–2026-06-15,Паводковый индекс 4/4
2026-06-09T06:13:08.738296+00:00,0.89,89.0,-10.0,108.43,ok,,,,-26.0,-26.0,39,27.8,0,0,4,НОРМА,,,67.4,189.1,202.2,Таруса,2026-06-10,2026-06-14–2026-06-16,Паводковый индекс 4/4
2026-06-09T08:25:24.583850+00:00,0.89,89.0,-10.0,108.43,ok,,,,-26.0,-26.0,39,27.8,0,0,4,НОРМА,,,67.4,189.1,202.2,Таруса,2026-06-10,2026-06-14–2026-06-16,Паводковый индекс 4/4
2026-06-09T12:27:49.898623+00:00,0.89,89.0,-10.0,108.43,ok,,,,-26.0,-26.0,39,27.9,0,0,4,НОРМА,,,67.4,189.1,,Алексин,2026-06-10,2026-06-14–2026-06-16,Паводковый индекс 4/4
2026-06-09T17:26:12.349372+00:00,0.89,89.0,-10.0,108.43,ok,,,,-26.0,-26.0,39,27.8,0,0,4,НОРМА,,,67.4,189.1,202.2,Таруса,2026-06-10,2026-06-14–2026-06-16,Паводковый индекс 4/4
2026-06-09T20:56:27.325478+00:00,0.89,89.0,-10.0,108.43,ok,,,,-26.0,-26.0,39,27.8,0,0,4,НОРМА,,,67.4,189.1,202.2,Таруса,2026-06-10,2026-06-14–2026-06-16,Паводковый индекс 4/4
2026-06-10T06:27:34.587002+00:00,0.89,89.0,-10.0,108.43,ok,,,,-26.0,-26.0,39,29.3,0,0,4,НОРМА,,,62.7,179.7,,Алексин,2026-06-11,2026-06-15–2026-06-17,Паводковый индекс 4/4
2026-06-10T08:41:32.143285+00:00,0.89,89.0,-10.0,108.43,ok,,,,-26.0,-26.0,39,29.3,0,0,4,НОРМА,,,62.7,,192.6,Таруса,2026-06-11,2026-06-15–2026-06-17,Паводковый индекс 4/4
2026-06-10T12:47:13.608663+00:00,0.89,89.0,-10.0,108.43,ok,,,,-26.0,-26.0,39,29.4,0,0,4,НОРМА,,,,179.7,192.6,Таруса,2026-06-21,2026-06-21–2026-06-23,Паводковый индекс 4/4
2026-06-10T18:05:49.232793+00:00,0.89,89.0,-10.0,108.43,ok,,,,-26.0,-26.0,39,29.4,0,0,4,НОРМА,,,62.7,179.7,192.6,Таруса,2026-06-21,2026-06-15–2026-06-17,Паводковый индекс 4/4
2026-06-10T21:24:41.866011+00:00,0.89,89.0,-10.0,108.43,ok,,,,-26.0,-26.0,39,29.4,0,0,4,НОРМА,,,,179.7,192.6,Таруса,2026-06-21,2026-06-21–2026-06-23,Паводковый индекс 4/4
2026-06-11T06:53:00.784131+00:00,0.89,89.0,-10.0,108.43,ok,,,,-26.0,-26.0,39,31.1,0,0,4,НОРМА,,,58.7,,183.5,Таруса,2026-06-21,2026-06-16–2026-06-18,Паводковый индекс 4/4
2026-06-11T09:06:14.903637+00:00,0.89,89.0,-10.0,108.43,ok,,,,-26.0,-26.0,39,,,,,НОРМА,,,58.7,171.6,183.5,Таруса,2026-06-21,2026-06-16–2026-06-18,
2026-06-11T13:46:10.689388+00:00,0.89,89.0,-10.0,108.43,ok,,,,-26.0,-26.0,39,30.8,0,0,4,НОРМА,,,58.7,171.6,,Алексин,2026-06-17,2026-06-20–2026-06-22,Паводковый индекс 4/4
2026-06-11T18:19:12.278809+00:00,0.89,89.0,-10.0,108.43,ok,,,,-26.0,-26.0,39,30.8,0,0,4,НОРМА,,,,,183.5,Таруса,2026-06-17,2026-06-17–2026-06-19,Паводковый индекс 4/4
2026-06-11T21:19:32.874192+00:00,0.89,89.0,-10.0,108.43,ok,,,,-26.0,-26.0,39,30.8,0,0,4,НОРМА,,,,171.6,183.5,Таруса,2026-06-17,2026-06-17–2026-06-19,Паводковый индекс 4/4
2026-06-12T06:45:56.296926+00:00,0.89,89.0,-10.0,108.43,ok,,,,-26.0,-26.0,39,30.5,2.3,0,4,НОРМА,,,55.2,,175.2,Таруса,2026-06-17,2026-06-20–2026-06-22,Паводковый индекс 4/4
2026-06-12T08:52:24.144996+00:00,0.89,89.0,-10.0,108.43,ok,,,,-26.0,-26.0,39,30.5,2.3,0,4,НОРМА,,,55.2,,175.2,Таруса,2026-06-17,2026-06-20–2026-06-22,Паводковый индекс 4/4
2026-06-12T12:45:45.312490+00:00,0.89,89.0,-10.0,108.43,ok,,,,-26.0,-26.0,39,30.8,0.5,0,4,НОРМА,,,55.2,164.6,175.2,Таруса,2026-06-20,2026-06-24–2026-06-26,Паводковый индекс 4/4
2026-06-12T17:39:19.522243+00:00,0.89,89.0,-10.0,108.43,ok,,,,-26.0,-26.0,39,30.8,0.7,0,4,НОРМА,,,55.2,164.6,,Алексин,2026-06-19,2026-06-24–2026-06-26,Паводковый индекс 4/4
2026-06-12T21:01:53.972516+00:00,0.89,89.0,-10.0,108.43,ok,,,,-26.0,-26.0,39,30.8,0.6,0,4,НОРМА,,,55.2,164.6,,Калуга,2026-06-19,2026-06-24–2026-06-26,Паводковый индекс 4/4
2026-06-13T06:20:43.538171+00:00,0.89,89.0,-10.0,108.43,ok,,,,-26.0,-26.0,39,28.1,1.4,0,4,НОРМА,,,53.0,,168.4,Таруса,2026-06-20,2026-06-24–2026-06-26,Паводковый индекс 4/4
2026-06-13T08:14:58.599463+00:00,0.89,89.0,-10.0,108.43,ok,,,,-26.0,-26.0,39,28.1,1.4,0,4,НОРМА,,,53.0,159.0,168.4,Таруса,2026-06-20,2026-06-24–2026-06-26,Паводковый индекс 4/4
2026-06-13T11:44:29.752595+00:00,0.89,89.0,-10.0,108.43,ok,,,,-26.0,-26.0,39,28.5,1.1,0,4,НОРМА,,,53.0,,168.4,Таруса,2026-06-20,2026-06-24–2026-06-26,Паводковый индекс 4/4
2026-06-13T16:17:50.174688+00:00,0.89,89.0,-10.0,108.43,ok,,,,-26.0,-26.0,39,29.8,1.3,0,4,НОРМА,,,53.0,159.0,168.4,Таруса,2026-06-20,2026-06-22–2026-06-24,Паводковый индекс 4/4
2026-06-13T20:15:28.205432+00:00,0.89,89.0,-10.0,108.43,cached,,,,-26.0,-26.0,39,29.8,1.3,0,4,НОРМА,,,,159.0,168.4,Таруса,2026-06-20,2026-06-20–2026-06-22,Паводковый индекс 4/4
2026-06-14T06:45:05.787471+00:00,0.89,89.0,-10.0,108.43,ok,,,,-26.0,-26.0,39,20.7,2.6,0,4,НОРМА,,,55.0,,165.0,Таруса,2026-06-20,2026-06-22–2026-06-24,Паводковый индекс 4/4
2026-06-14T08:36:23.500541+00:00,0.89,89.0,-10.0,108.43,ok,,,,-26.0,-26.0,39,20.7,2.6,0,4,НОРМА,,,55.0,157.8,,Алексин,2026-06-19,2026-06-22–2026-06-24,Паводковый индекс 4/4
2026-06-14T11:47:46.604479+00:00,0.89,89.0,-10.0,108.43,ok,,,,-26.0,-26.0,39,20.0,2.7,0,4,НОРМА,,,55.0,,,Алексин,2026-06-19,2026-06-22–2026-06-24,Паводковый индекс 4/4
2026-06-14T16:26:21.424907+00:00,0.89,89.0,-10.0,108.43,ok,,,,-26.0,-26.0,39,18.6,2.7,0,4,НОРМА,,,55.0,157.8,165.0,Таруса,2026-06-19,2026-06-21–2026-06-23,Паводковый индекс 4/4
2026-06-14T20:16:35.795511+00:00,0.89,89.0,-10.0,108.43,ok,,,,-26.0,-26.0,39,18.6,2.7,0,4,НОРМА,,,,157.8,165.0,Таруса,2026-06-19,2026-06-19–2026-06-21,Паводковый индекс 4/4
2026-06-15T07:24:57.329638+00:00,0.89,89.0,-10.0,108.43,ok,,,,-26.0,-26.0,39,21.9,11.0,0,4,НОРМА,,,,159.0,163.4,Таруса,2026-06-19,2026-06-19–2026-06-21,Паводковый индекс 4/4
2026-06-15T10:48:12.663322+00:00,0.89,89.0,-10.0,108.43,ok,,,,-26.0,-26.0,39,21.0,9.3,0,4,НОРМА,,,60.2,,163.4,Таруса,2026-06-19,2026-06-21–2026-06-23,Паводковый индекс 4/4
2026-06-15T15:32:56.944433+00:00,0.89,89.0,-10.0,108.43,ok,,,,-26.0,-26.0,39,20.9,8.1,0,4,НОРМА,,,60.2,159.0,163.4,Таруса,2026-06-19,2026-06-23–2026-06-25,Паводковый индекс 4/4
2026-06-15T19:05:44.253649+00:00,0.89,89.0,-10.0,108.43,ok,,,,-26.0,-26.0,39,20.9,7.5,0,4,НОРМА,,,60.2,,,Алексин,2026-06-19,2026-06-23–2026-06-25,Паводковый индекс 4/4
2026-06-15T21:42:20.940056+00:00,0.89,89.0,-10.0,108.43,ok,,,,-26.0,-26.0,39,20.9,7.5,0,4,НОРМА,,,60.2,159.0,163.4,Таруса,2026-06-19,2026-06-23–2026-06-25,Паводковый индекс 4/4
2026-06-16T07:31:04.712987+00:00,0.89,89.0,-10.0,108.43,ok,,,,-26.0,-26.0,39,18.8,1.5,0,4,НОРМА,,,,180.6,178.1,Таруса,2026-06-19,2026-06-19–2026-06-21,Паводковый индекс 4/4
2026-06-16T10:00:38.599102+00:00,0.89,89.0,-10.0,108.43,ok,,,,-26.0,-26.0,39,18.3,1.7,0,4,НОРМА,,,62.4,180.6,178.1,Таруса,2026-06-19,2026-06-23–2026-06-25,Паводковый индекс 4/4
2026-06-16T14:48:53.717220+00:00,0.89,89.0,-10.0,108.43,ok,,,,-26.0,-26.0,39,18.0,1.6,0,4,НОРМА,,,62.4,180.6,178.1,Таруса,2026-06-19,2026-06-22–2026-06-24,Паводковый индекс 4/4
2026-06-16T18:55:54.935179+00:00,0.89,89.0,-10.0,108.43,ok,,,,-26.0,-26.0,39,18.5,1.2,0,4,НОРМА,,,62.4,,178.1,Таруса,2026-06-19,2026-06-22–2026-06-24,Паводковый индекс 4/4
2026-06-16T21:41:30.974437+00:00,0.89,89.0,-10.0,108.43,ok,,,,-26.0,-26.0,39,18.5,1.2,0,4,НОРМА,,,62.4,180.6,,Алексин,2026-06-19,2026-06-22–2026-06-24,Паводковый индекс 4/4
2026-06-17T07:15:12.766083+00:00,0.89,89.0,-10.0,108.43,ok,,,,-26.0,-26.0,39,18.0,3.2,0,4,НОРМА,,,70.3,202.2,203.2,Таруса,2026-06-19,2026-06-22–2026-06-24,Паводковый индекс 4/4
2026-06-17T09:24:38.901033+00:00,0.89,89.0,-10.0,108.43,ok,,,,-26.0,-26.0,39,18.0,3.2,0,4,НОРМА,,,70.3,,203.2,Таруса,2026-06-19,2026-06-22–2026-06-24,Паводковый индекс 4/4
2026-06-17T13:33:37.399722+00:00,0.89,89.0,-10.0,108.43,ok,,,,-26.0,-26.0,39,17.1,6.5,0,4,НОРМА,,,,202.2,203.2,Таруса,2026-06-19,2026-06-19–2026-06-21,Паводковый индекс 4/4
2026-06-17T17:50:14.932452+00:00,0.89,89.0,-10.0,108.43,ok,,,,-26.0,-26.0,39,18.2,5.0,0,4,НОРМА,,,70.3,202.2,203.2,Таруса,2026-06-19,2026-07-02–2026-07-04,Паводковый индекс 4/4
2026-06-17T21:05:15.186188+00:00,0.89,89.0,-10.0,108.43,ok,,,,-26.0,-26.0,39,18.2,5.0,0,4,НОРМА,,,70.3,202.2,203.2,Таруса,2026-06-19,2026-07-02–2026-07-04,Паводковый индекс 4/4
2026-06-18T06:56:23.067109+00:00,0.89,89.0,-10.0,108.43,ok,,,,-26.0,-26.0,39,17.4,0.5,0,4,НОРМА,,,68.5,208.9,213.3,Таруса,2026-06-19,2026-07-02–2026-07-04,Паводковый индекс 4/4
2026-06-18T09:07:57.789865+00:00,0.89,89.0,-10.0,108.43,ok,,,,-26.0,-26.0,39,17.4,0.5,0,4,НОРМА,,,,208.9,213.3,Таруса,2026-06-19,2026-06-19–2026-06-21,Паводковый индекс 4/4
2026-06-18T12:43:34.053529+00:00,0.89,89.0,-10.0,108.43,ok,,,,-26.0,-26.0,39,17.0,1.0,0,4,НОРМА,,,,,213.3,Таруса,2026-07-02,2026-07-02–2026-07-04,Паводковый индекс 4/4
2026-06-18T18:07:24.170530+00:00,0.89,89.0,-10.0,108.43,ok,,,,-26.0,-26.0,39,17.0,0.7,0,4,НОРМА,,,68.5,208.9,213.3,Таруса,2026-07-02,2026-07-06–2026-07-08,Паводковый индекс 4/4
2026-06-18T21:22:08.745437+00:00,0.89,89.0,-10.0,108.43,ok,,,,-26.0,-26.0,39,17.0,0.7,0,4,НОРМА,,,68.5,208.9,213.3,Таруса,2026-07-02,2026-07-06–2026-07-08,Паводковый индекс 4/4
2026-06-19T07:11:35.301224+00:00,0.89,89.0,-10.0,108.43,ok,,,,-26.0,-26.0,39,21.6,1.5,0,4,НОРМА,,,67.4,,219.8,Таруса,2026-07-02,2026-07-06–2026-07-08,Паводковый индекс 4/4
2026-06-19T09:23:40.219998+00:00,0.89,89.0,-10.0,108.43,ok,,,,-26.0,-26.0,39,21.6,1.5,0,4,НОРМА,,,67.4,207.0,219.8,Таруса,2026-07-02,2026-07-06–2026-07-08,Паводковый индекс 4/4
2026-06-19T13:25:06.698647+00:00,0.89,89.0,-10.0,108.43,ok,,,,-26.0,-26.0,39,21.5,0.5,0,4,НОРМА,,,67.4,207.0,219.8,Таруса,2026-06-20,2026-07-05–2026-07-07,Паводковый индекс 4/4
2026-06-19T17:21:09.138897+00:00,0.89,89.0,-10.0,108.43,ok,,,,-26.0,-26.0,39,22.1,0.3,0,4,НОРМА,,,67.4,,219.8,Таруса,2026-06-20,2026-07-05–2026-07-07,Паводковый индекс 4/4
2026-06-19T20:25:50.183576+00:00,0.89,89.0,-10.0,108.43,ok,,,,-26.0,-26.0,39,22.1,0.4,0,4,НОРМА,,,67.4,207.0,219.8,Таруса,2026-06-20,2026-07-05–2026-07-07,Паводковый индекс 4/4
2026-06-20T06:25:11.297722+00:00,0.89,89.0,-10.0,108.43,ok,,,,-26.0,-26.0,39,21.6,0,0,4,НОРМА,,,65.8,204.1,218.8,Таруса,2026-06-21,2026-07-05–2026-07-07,Паводковый индекс 4/4
2026-06-20T08:16:26.457798+00:00,0.89,89.0,-10.0,108.43,ok,,,,-26.0,-26.0,39,21.6,0,0,4,НОРМА,,,65.8,204.1,218.8,Таруса,2026-06-21,2026-07-05–2026-07-07,Паводковый индекс 4/4
2026-06-20T11:47:58.098254+00:00,0.89,89.0,-10.0,108.43,ok,,,,-26.0,-26.0,39,21.4,0,0,4,НОРМА,,,65.8,204.1,,Алексин,2026-06-21,2026-07-05–2026-07-07,Паводковый индекс 4/4
2026-06-20T16:23:28.108076+00:00,0.89,89.0,-10.0,108.43,ok,,,,-26.0,-26.0,39,21.2,0,0,4,НОРМА,,,,204.1,218.8,Таруса,2026-07-01,2026-07-01–2026-07-03,Паводковый индекс 4/4
2026-06-20T20:13:45.220890+00:00,0.89,89.0,-10.0,108.43,ok,,,,-26.0,-26.0,39,21.2,0,0,4,НОРМА,,,65.8,,218.8,Таруса,2026-07-01,2026-07-04–2026-07-06,Паводковый индекс 4/4
2026-06-21T06:54:58.147588+00:00,0.89,89.0,-10.0,108.43,ok,,,,-26.0,-26.0,39,24.0,0,0,4,НОРМА,,,,195.8,,Алексин,2026-06-30,2026-07-01–2026-07-03,Паводковый индекс 4/4
2026-06-21T08:52:49.320858+00:00,0.89,89.0,-10.0,108.43,ok,,,,-26.0,-26.0,39,24.0,0,0,4,НОРМА,,,64.2,195.8,211.3,Таруса,2026-07-01,2026-07-04–2026-07-06,Паводковый индекс 4/4
2026-06-21T12:03:04.614322+00:00,0.89,89.0,-10.0,108.43,ok,,,,-26.0,-26.0,39,24.5,0,0,4,НОРМА,,,64.2,195.8,,Алексин,2026-06-30,2026-07-04–2026-07-06,Паводковый индекс 4/4
2026-06-21T16:47:33.759341+00:00,0.89,89.0,-10.0,108.43,ok,,,,-26.0,-26.0,39,24.5,0,0,4,НОРМА,,,64.2,195.8,,Алексин,2026-06-22,2026-06-28–2026-06-30,Паводковый индекс 4/4
2026-06-21T20:24:15.685511+00:00,0.89,89.0,-10.0,108.43,ok,,,,-26.0,-26.0,39,24.5,0,0,4,НОРМА,,,64.2,195.8,211.3,Таруса,2026-06-22,2026-06-28–2026-06-30,Паводковый индекс 4/4
2026-06-22T07:29:02.995961+00:00,0.89,89.0,-10.0,108.43,ok,,,,-26.0,-26.0,39,24.9,9.6,0,4,НОРМА,,,59.8,189.6,203.6,Таруса,2026-06-23,2026-06-28–2026-06-30,Паводковый индекс 4/4
2026-06-22T10:31:18.937689+00:00,0.89,89.0,-10.0,108.43,ok,,,,-26.0,-26.0,39,24.7,9.0,0,4,НОРМА,,,59.8,189.6,203.6,Таруса,2026-06-23,2026-06-28–2026-06-30,Паводковый индекс 4/4
2026-06-22T15:10:43.784040+00:00,0.89,89.0,-10.0,108.43,ok,,,,-26.0,-26.0,39,24.1,7.1,0,4,НОРМА,,,59.8,189.6,203.6,Таруса,2026-06-23,2026-07-05–2026-07-07,Паводковый индекс 4/4
2026-06-22T18:49:48.862710+00:00,0.89,89.0,-10.0,108.43,ok,,,,-26.0,-26.0,39,24.6,3.9,0,4,НОРМА,,,,189.6,203.6,Таруса,2026-06-23,2026-06-23–2026-06-25,Паводковый индекс 4/4
2026-06-22T21:31:20.333106+00:00,0.89,89.0,-10.0,108.43,ok,,,,-26.0,-26.0,39,24.6,3.9,0,4,НОРМА,,,59.8,189.6,203.6,Таруса,2026-06-23,2026-07-05–2026-07-07,Паводковый индекс 4/4
2026-06-23T06:11:10.205010+00:00,0.89,89.0,-10.0,108.43,ok,,,,-26.0,-26.0,39,24.7,0,0,4,НОРМА,,,56.8,186.1,197.6,Таруса,2026-06-24,2026-07-05–2026-07-07,Паводковый индекс 4/4
2026-06-23T08:22:47.717539+00:00,0.89,89.0,-10.0,108.43,ok,,,,-26.0,-26.0,39,24.7,0,0,4,НОРМА,,,,186.1,197.6,Таруса,2026-06-24,2026-06-24–2026-06-26,Паводковый индекс 4/4
2026-06-23T12:26:18.868932+00:00,0.89,89.0,-10.0,108.43,ok,,,,-26.0,-26.0,39,23.9,0,0,4,НОРМА,,,56.8,,197.6,Таруса,2026-06-24,2026-06-28–2026-06-30,Паводковый индекс 4/4
2026-06-23T17:19:47.895037+00:00,0.89,89.0,-10.0,108.43,ok,,,,-26.0,-26.0,39,23.9,0,0,4,НОРМА,,,56.8,186.1,197.6,Таруса,2026-06-24,2026-06-28–2026-06-30,Паводковый индекс 4/4
2026-06-23T20:59:38.946298+00:00,0.89,89.0,-10.0,108.43,ok,,,,-26.0,-26.0,39,23.9,0,0,4,НОРМА,,,56.8,186.1,197.6,Таруса,2026-06-24,2026-06-28–2026-06-30,Паводковый индекс 4/4
2026-06-24T06:10:28.368609+00:00,0.89,89.0,-10.0,108.43,ok,,,,-26.0,-26.0,39,22.2,0,0,4,НОРМА,,,57.5,181.8,194.0,Таруса,2026-06-25,2026-06-29–2026-07-01,Паводковый индекс 4/4
2026-06-24T08:17:09.777430+00:00,0.89,89.0,-10.0,108.43,ok,,,,-26.0,-26.0,39,22.2,0,0,4,НОРМА,,,,181.8,194.0,Таруса,2026-06-25,2026-06-25–2026-06-27,Паводковый индекс 4/4
2026-06-24T12:11:44.140814+00:00,0.89,89.0,-10.0,108.43,ok,,,,-26.0,-26.0,39,21.9,0,0,4,НОРМА,,,57.5,,,Алексин,2026-06-25,2026-06-29–2026-07-01,Паводковый индекс 4/4
2026-06-24T17:07:43.975133+00:00,0.89,89.0,-10.0,108.43,ok,,,,-26.0,-26.0,39,22.1,0,0,4,НОРМА,,,,,194.0,Таруса,2026-06-25,2026-06-25–2026-06-27,Паводковый индекс 4/4
2026-06-24T20:47:58.969181+00:00,0.89,89.0,-10.0,108.43,ok,,,,-26.0,-26.0,39,22.1,0,0,4,НОРМА,,,,181.8,194.0,Таруса,2026-06-25,2026-06-25–2026-06-27,Паводковый индекс 4/4
2026-06-25T06:11:20.869356+00:00,0.89,89.0,-10.0,108.43,ok,,,,-26.0,-26.0,39,17.2,1.1,0,4,НОРМА,,,53.5,169.6,,Алексин,2026-06-26,2026-06-30–2026-07-02,Паводковый индекс 4/4
2026-06-25T08:16:09.289684+00:00,0.89,89.0,-10.0,108.43,ok,,,,-26.0,-26.0,39,17.2,1.1,0,4,НОРМА,,,53.5,169.6,181.4,Таруса,2026-06-26,2026-06-30–2026-07-02,Паводковый индекс 4/4
2026-06-25T12:09:41.588348+00:00,0.89,89.0,-10.0,108.43,ok,,,,-26.0,-26.0,39,17.2,1.1,0,4,НОРМА,,,53.5,169.6,,Алексин,2026-06-26,2026-06-30–2026-07-02,Паводковый индекс 4/4
2026-06-25T17:13:25.410878+00:00,0.89,89.0,-10.0,108.43,ok,,,,-26.0,-26.0,39,17.2,1.1,0,4,НОРМА,,,,169.6,181.4,Таруса,2026-07-08,2026-07-08–2026-07-10,Паводковый индекс 4/4
2026-06-25T20:55:36.685720+00:00,0.89,89.0,-10.0,108.43,ok,,,,-26.0,-26.0,39,17.2,1.1,0,4,НОРМА,,,53.5,,181.4,Таруса,2026-07-08,2026-07-10–2026-07-12,Паводковый индекс 4/4
2026-06-26T06:14:29.017647+00:00,0.89,89.0,-10.0,108.43,ok,,,,-26.0,-26.0,39,20.4,0.6,0,4,НОРМА,,,51.6,,,Алексин,2026-07-07,2026-07-10–2026-07-12,Паводковый индекс 4/4
2026-06-26T08:24:36.417612+00:00,0.89,89.0,-10.0,108.43,ok,,,,-26.0,-26.0,39,20.4,0.6,0,4,НОРМА,,,51.6,166.5,176.8,Таруса,2026-07-08,2026-07-10–2026-07-12,Паводковый индекс 4/4
2026-06-26T12:04:38.099514+00:00,0.89,89.0,-10.0,108.43,ok,,,,-26.0,-26.0,39,21.3,0,0,4,НОРМА,,,,166.5,,Алексин,2026-07-07,2026-07-08–2026-07-10,Паводковый индекс 4/4
2026-06-26T17:03:18.697194+00:00,0.89,89.0,-10.0,108.43,ok,,,,-26.0,-26.0,39,21.3,0,0,4,НОРМА,,,51.6,166.5,176.8,Таруса,2026-07-11,2026-07-14–2026-07-16,Паводковый индекс 4/4
2026-06-26T20:45:51.341102+00:00,0.89,89.0,-10.0,108.43,ok,,,,-26.0,-26.0,39,21.3,0,0,4,НОРМА,,,51.6,166.5,176.8,Таруса,2026-07-11,2026-07-14–2026-07-16,Паводковый индекс 4/4
2026-06-27T05:56:22.993968+00:00,0.89,89.0,-10.0,108.43,ok,,,,-26.0,-26.0,39,19.7,3.9,0,4,НОРМА,,,50.2,162.7,,Алексин,2026-07-12,2026-07-14–2026-07-16,Паводковый индекс 4/4
2026-06-27T07:42:08.791548+00:00,0.89,89.0,-10.0,108.43,ok,,,,-26.0,-26.0,39,20.7,4.2,0,4,НОРМА,,,50.2,162.7,,Алексин,2026-07-12,2026-07-14–2026-07-16,Паводковый индекс 4/4
2026-06-27T11:17:01.256027+00:00,0.89,89.0,-10.0,108.43,ok,,,,-26.0,-26.0,39,20.4,2.2,0,4,НОРМА,,,50.2,162.7,173.2,Таруса,2026-07-12,2026-07-14–2026-07-16,Паводковый индекс 4/4
2026-06-27T16:08:55.157841+00:00,0.89,89.0,-10.0,108.43,ok,,,,-26.0,-26.0,39,20.3,0.9,0,4,НОРМА,,,,162.7,173.2,Таруса,2026-06-28,2026-06-28–2026-06-30,Паводковый индекс 4/4
2026-06-27T20:07:15.452908+00:00,0.89,89.0,-10.0,108.43,ok,,,,-26.0,-26.0,39,20.3,1.0,0,4,НОРМА,,,50.2,162.7,,Алексин,2026-06-28,2026-07-10–2026-07-12,Паводковый индекс 4/4
2026-06-28T06:22:27.627084+00:00,0.89,89.0,-10.0,108.43,ok,,,,-26.0,-26.0,39,23.2,0,0,4,НОРМА,,,48.8,155.0,165.7,Таруса,2026-06-29,2026-07-10–2026-07-12,Паводковый индекс 4/4
2026-06-28T08:15:02.663315+00:00,0.89,89.0,-10.0,108.43,ok,,,,-26.0,-26.0,39,23.2,0,0,4,НОРМА,,,48.8,155.0,165.7,Таруса,2026-06-29,2026-07-10–2026-07-12,Паводковый индекс 4/4
2026-06-28T11:28:36.650154+00:00,0.89,89.0,-10.0,108.43,ok,,,,-26.0,-26.0,39,23.4,0,0,4,НОРМА,,,48.8,155.0,165.7,Таруса,2026-06-29,2026-07-10–2026-07-12,Паводковый индекс 4/4
2026-06-28T16:15:33.245842+00:00,0.89,89.0,-10.0,108.43,ok,,,,-26.0,-26.0,39,22.8,0,0,4,НОРМА,,,48.8,155.0,165.7,Таруса,2026-07-09,2026-07-12–2026-07-14,Паводковый индекс 4/4
2026-06-28T20:12:59.851866+00:00,0.89,89.0,-10.0,108.43,ok,,,,-26.0,-26.0,39,22.8,0,0,4,НОРМА,,,,155.0,165.7,Таруса,2026-07-09,2026-07-09–2026-07-11,Паводковый индекс 4/4
2026-06-29T06:53:05.653801+00:00,0.89,89.0,-10.0,108.43,ok,,,,-26.0,-26.0,39,20.6,0.2,0,4,НОРМА,,,,151.1,,Алексин,2026-07-09,2026-07-10–2026-07-12,Паводковый индекс 4/4
2026-06-29T09:20:19.630857+00:00,0.89,89.0,-10.0,108.43,ok,,,,-26.0,-26.0,39,20.6,0.2,0,4,НОРМА,,,,151.1,160.1,Таруса,2026-07-09,2026-07-09–2026-07-11,Паводковый индекс 4/4
2026-06-29T13:56:12.419480+00:00,0.89,89.0,-10.0,108.43,ok,,,,-26.0,-26.0,39,20.9,1.0,0,4,НОРМА,,,48.7,151.1,,Алексин,2026-07-08,2026-07-12–2026-07-14,Паводковый индекс 4/4
2026-06-29T17:42:04.930539+00:00,0.89,89.0,-10.0,108.43,ok,,,,-26.0,-26.0,39,20.9,0.9,0,4,НОРМА,,,48.7,151.1,160.1,Таруса,2026-07-08,2026-07-12–2026-07-14,Паводковый индекс 4/4
2026-06-29T20:48:28.207679+00:00,0.89,89.0,-10.0,108.43,ok,,,,-26.0,-26.0,39,20.9,0.9,0,4,НОРМА,,,48.7,151.1,160.1,Таруса,2026-07-08,2026-07-12–2026-07-14,Паводковый индекс 4/4
2026-06-30T06:15:42.431583+00:00,0.89,89.0,-10.0,108.43,ok,,,,-26.0,-26.0,39,25.8,0,0,4,НОРМА,,,48.8,,157.1,Таруса,2026-07-08,2026-07-12–2026-07-14,Паводковый индекс 4/4
2026-06-30T08:23:24.168917+00:00,0.89,89.0,-10.0,108.43,ok,,,,-26.0,-26.0,39,25.8,0,0,4,НОРМА,,,48.8,,,Алексин,2026-07-08,2026-07-12–2026-07-14,Паводковый индекс 4/4
2026-06-30T12:03:18.949591+00:00,0.89,89.0,-10.0,108.43,ok,,,,-26.0,-26.0,39,25.9,0,0,4,НОРМА,,,,150.4,157.1,Таруса,2026-07-08,2026-07-08–2026-07-10,Паводковый индекс 4/4
2026-06-30T17:08:01.287694+00:00,0.89,89.0,-10.0,108.43,ok,,,,-26.0,-26.0,39,25.9,0,0,4,НОРМА,,,48.8,150.4,157.1,Таруса,2026-07-11,2026-07-14–2026-07-16,Паводковый индекс 4/4
2026-06-30T20:55:58.755356+00:00,0.89,89.0,-10.0,108.43,ok,,,,-26.0,-26.0,39,25.9,0,0,4,НОРМА,,,48.8,150.4,,Алексин,2026-07-11,2026-07-14–2026-07-16,Паводковый индекс 4/4
2026-07-01T06:37:04.727627+00:00,0.89,89.0,-10.0,108.43,ok,,,,-26.0,-26.0,39,29.2,0,0,4,НОРМА,,,49.0,147.9,,Алексин,2026-07-11,2026-07-14–2026-07-16,Паводковый индекс 4/4
2026-07-01T08:42:58.997547+00:00,0.89,89.0,-10.0,108.43,ok,,,,-26.0,-26.0,39,29.2,0,0,4,НОРМА,,,,147.9,155.0,Таруса,2026-07-11,2026-07-11–2026-07-13,Паводковый индекс 4/4
2026-07-01T12:25:54.325085+00:00,0.89,89.0,-10.0,108.43,ok,,,,-26.0,-26.0,39,29.0,0,0,4,НОРМА,,,,147.9,155.0,Таруса,2026-07-10,2026-07-10–2026-07-12,Паводковый индекс 4/4
2026-07-01T17:20:02.878175+00:00,0.89,89.0,-10.0,108.43,ok,,,,-26.0,-26.0,39,29.4,0,0,4,НОРМА,,,49.0,147.9,155.0,Таруса,2026-07-10,2026-07-13–2026-07-15,Паводковый индекс 4/4
2026-07-01T20:46:57.614175+00:00,0.89,89.0,-10.0,108.43,ok,,,,-26.0,-26.0,39,29.4,0,0,4,НОРМА,,,49.0,147.9,,Алексин,2026-07-10,2026-07-13–2026-07-15,Паводковый индекс 4/4
2026-07-02T06:03:01.024520+00:00,0.89,89.0,-10.0,108.43,ok,,,,-26.0,-26.0,39,30.6,0,0,4,НОРМА,,,49.7,153.9,160.1,Таруса,2026-07-10,2026-07-13–2026-07-15,Паводковый индекс 4/4
2026-07-02T07:58:56.522451+00:00,0.89,89.0,-10.0,108.43,ok,,,,-26.0,-26.0,39,30.6,0,0,4,НОРМА,,,49.7,153.9,160.1,Таруса,2026-07-10,2026-07-13–2026-07-15,Паводковый индекс 4/4
2026-07-02T11:59:18.066459+00:00,0.89,89.0,-10.0,108.43,ok,,,,-26.0,-26.0,39,30.9,0,0,4,НОРМА,,,49.7,153.9,160.1,Таруса,2026-07-10,2026-07-13–2026-07-15,Паводковый индекс 4/4
2026-07-02T16:53:22.440318+00:00,0.89,89.0,-10.0,108.43,ok,,,,-26.0,-26.0,39,30.9,0,0,4,НОРМА,,,,153.9,160.1,Таруса,2026-07-16,2026-07-16–2026-07-18,Паводковый индекс 4/4
2026-07-02T20:17:02.150498+00:00,0.89,89.0,-10.0,108.43,ok,,,,-26.0,-26.0,39,30.9,0,0,4,НОРМА,,,49.7,,160.1,Таруса,2026-07-16,2026-07-19–2026-07-21,Паводковый индекс 4/4
2026-07-03T05:57:06.166565+00:00,0.89,89.0,-10.0,108.43,ok,,,,-26.0,-26.0,39,,,,,НОРМА,,,48.3,,158.6,Таруса,2026-07-16,2026-07-19–2026-07-21,
2026-07-03T07:53:24.739471+00:00,0.89,89.0,-10.0,108.43,ok,,,,-26.0,-26.0,39,25.0,1.7,0,4,НОРМА,,,48.3,151.8,158.6,Таруса,2026-07-16,2026-07-19–2026-07-21,Паводковый индекс 4/4
2026-07-03T11:57:30.309415+00:00,0.89,89.0,-10.0,108.43,ok,,,,-26.0,-26.0,39,25.7,1.5,0,4,НОРМА,,,48.3,151.8,,Алексин,2026-07-16,2026-07-19–2026-07-21,Паводковый индекс 4/4
2026-07-03T16:38:08.492933+00:00,0.89,89.0,-10.0,108.43,ok,,,,-26.0,-26.0,39,26.0,1.5,0,4,НОРМА,,,48.3,151.8,158.6,Таруса,2026-07-08,2026-07-12–2026-07-14,Паводковый индекс 4/4
2026-07-03T20:13:07.684053+00:00,0.89,89.0,-10.0,108.43,ok,,,,-26.0,-26.0,39,26.0,1.5,0,4,НОРМА,,,48.3,151.8,158.6,Таруса,2026-07-08,2026-07-12–2026-07-14,Паводковый индекс 4/4
2026-07-04T05:49:34.577067+00:00,0.89,89.0,-10.0,108.43,ok,,,,-26.0,-26.0,39,23.0,25.8,0,4,НОРМА,,,48.2,155.3,159.3,Таруса,2026-07-08,2026-07-12–2026-07-14,Паводковый индекс 4/4
2026-07-04T07:35:06.840681+00:00,0.89,89.0,-10.0,108.43,ok,,,,-26.0,-26.0,39,22.5,22.2,0,4,НОРМА,,,48.2,155.3,159.3,Таруса,2026-07-08,2026-07-12–2026-07-14,Паводковый индекс 4/4
2026-07-04T11:14:39.402013+00:00,0.89,89.0,-10.0,108.43,ok,,,,-26.0,-26.0,39,21.3,21.8,0,4,НОРМА,,,48.2,155.3,159.3,Таруса,2026-07-08,2026-07-12–2026-07-14,Паводковый индекс 4/4
2026-07-04T16:06:49.773229+00:00,0.89,89.0,-10.0,108.43,ok,,,,-26.0,-26.0,39,21.7,17.5,0,4,НОРМА,,,48.2,155.3,159.3,Калуга,2026-07-19,2026-07-23–2026-07-25,Паводковый индекс 4/4
2026-07-04T20:07:59.072469+00:00,0.89,89.0,-10.0,108.43,ok,,,,-26.0,-26.0,39,21.7,17.5,0,4,НОРМА,,,48.2,155.3,159.3,Калуга,2026-07-19,2026-07-23–2026-07-25,Паводковый индекс 4/4
2026-07-05T06:08:43.638385+00:00,0.89,89.0,-10.0,108.43,ok,,,,-26.0,-26.0,39,21.6,1.5,0,4,НОРМА,,,56.5,171.2,174.8,Калуга,2026-07-20,2026-07-24–2026-07-26,Паводковый индекс 4/4
2026-07-05T07:50:58.274688+00:00,0.89,89.0,-10.0,108.43,ok,,,,-26.0,-26.0,39,21.6,1.5,0,4,НОРМА,,,56.5,171.2,,Калуга,2026-07-20,2026-07-24–2026-07-26,Паводковый индекс 4/4
2026-07-05T11:20:42.522094+00:00,0.89,89.0,-10.0,108.43,ok,,,,-26.0,-26.0,39,20.9,2.2,0,4,НОРМА,,,56.5,171.2,174.8,Калуга,2026-07-20,2026-07-24–2026-07-26,Паводковый индекс 4/4
2026-07-05T16:12:58.261326+00:00,0.89,89.0,-10.0,108.43,ok,,,,-26.0,-26.0,39,21.6,1.9,0,4,НОРМА,,,56.5,171.2,174.8,Таруса,2026-07-15,2026-07-22–2026-07-24,Паводковый индекс 4/4
2026-07-05T20:12:33.180003+00:00,0.89,89.0,-10.0,108.43,ok,,,,-26.0,-26.0,39,21.6,1.9,0,4,НОРМА,,,,,174.8,Таруса,2026-07-15,2026-07-15–2026-07-17,Паводковый индекс 4/4
2026-07-06T06:40:14.860317+00:00,0.89,89.0,-10.0,108.43,ok,,,,-26.0,-26.0,39,22.6,0.8,0,4,НОРМА,,,,220.3,204.6,Таруса,2026-07-15,2026-07-15–2026-07-17,Паводковый индекс 4/4
2026-07-06T08:53:43.166154+00:00,0.89,89.0,-10.0,108.43,ok,,,,-26.0,-26.0,39,22.6,0.8,0,4,НОРМА,,,83.5,220.3,204.6,Таруса,2026-07-15,2026-07-22–2026-07-24,Паводковый индекс 4/4
2026-07-06T13:35:51.073276+00:00,0.89,89.0,-10.0,108.43,ok,,,,-26.0,-26.0,39,22.9,1.1,0,4,НОРМА,,,,220.3,204.6,Таруса,2026-07-20,2026-07-20–2026-07-22,Паводковый индекс 4/4
2026-07-06T17:46:45.649434+00:00,0.89,89.0,-10.0,108.43,ok,,,,-26.0,-26.0,39,22.3,0.6,0,4,НОРМА,,,83.5,220.3,204.6,Таруса,2026-07-20,2026-07-23–2026-07-25,Паводковый индекс 4/4
2026-07-06T20:51:54.683865+00:00,0.89,89.0,-10.0,108.43,ok,,,,-26.0,-26.0,39,22.3,0.7,0,4,НОРМА,,,83.5,220.3,204.6,Таруса,2026-07-20,2026-07-23–2026-07-25,Паводковый индекс 4/4
2026-07-07T06:12:25.708311+00:00,0.89,89.0,-10.0,108.43,ok,,,,-26.0,-26.0,39,20.0,0.7,0,4,НОРМА,,,68.7,221.3,215.8,Таруса,2026-07-20,2026-07-23–2026-07-25,Паводковый индекс 4/4
2026-07-07T08:12:57.838790+00:00,0.89,89.0,-10.0,108.43,ok,,,,-26.0,-26.0,39,20.0,0.7,0,4,НОРМА,,,68.7,221.3,215.8,Таруса,2026-07-20,2026-07-23–2026-07-25,Паводковый индекс 4/4
2026-07-07T12:18:44.016475+00:00,0.89,89.0,-10.0,108.43,ok,,,,-26.0,-26.0,39,20.9,2.3,0,4,НОРМА,,,,221.3,215.8,Таруса,2026-07-20,2026-07-20–2026-07-22,Паводковый индекс 4/4
2026-07-07T17:20:46.677510+00:00,0.89,89.0,-10.0,108.43,ok,,,,-26.0,-26.0,39,21.2,1.5,0,4,НОРМА,,,,221.3,215.8,Таруса,2026-07-16,2026-07-16–2026-07-18,Паводковый индекс 4/4
2026-07-07T20:48:58.681369+00:00,0.89,89.0,-10.0,108.43,ok,,,,-26.0,-26.0,39,21.2,1.9,0,4,НОРМА,,,68.7,221.3,215.8,Таруса,2026-07-16,2026-07-20–2026-07-22,Паводковый индекс 4/4
2026-07-08T05:24:35.669747+00:00,0.89,89.0,-10.0,108.43,ok,,,,-26.0,-26.0,39,21.3,2.3,0,4,НОРМА,,,,223.9,231.8,Таруса,2026-07-16,2026-07-16–2026-07-18,Паводковый индекс 4/4
2026-07-08T07:21:37.562191+00:00,0.89,89.0,-10.0,108.43,ok,,,,-26.0,-26.0,39,21.4,2.2,0,4,НОРМА,,,74.0,223.9,,Алексин,2026-07-16,2026-07-20–2026-07-22,Паводковый индекс 4/4
2026-07-08T11:39:23.250611+00:00,0.89,89.0,-10.0,108.43,ok,,,,-26.0,-26.0,39,21.8,2.1,0,4,НОРМА,,,74.0,,231.8,Таруса,2026-07-16,2026-07-20–2026-07-22,Паводковый индекс 4/4
2026-07-08T16:42:50.307656+00:00,0.89,89.0,-10.0,108.43,ok,,,,-26.0,-26.0,39,22.9,1.8,0,4,НОРМА,,,,223.9,231.8,Таруса,2026-07-15,2026-07-15–2026-07-17,Паводковый индекс 4/4
2026-07-08T20:19:02.634209+00:00,0.89,89.0,-10.0,108.43,ok,,,,-26.0,-26.0,39,22.9,1.8,0,4,НОРМА,,,74.0,223.9,,Алексин,2026-07-14,2026-07-25–2026-07-27,Паводковый индекс 4/4
2026-07-09T06:13:45.209296+00:00,0.89,89.0,-10.0,108.43,ok,,,,-26.0,-26.0,39,19.1,3.8,0,4,НОРМА,,,69.5,222.4,,Алексин,2026-07-14,2026-07-25–2026-07-27,Паводковый индекс 4/4
2026-07-09T08:26:45.525548+00:00,0.89,89.0,-10.0,108.43,ok,,,,-26.0,-26.0,39,19.1,3.8,0,4,НОРМА,,,69.5,222.4,,Алексин,2026-07-14,2026-07-25–2026-07-27,Паводковый индекс 4/4
2026-07-09T17:23:23.963385+00:00,0.89,89.0,-10.0,108.43,ok,,,,-26.0,-26.0,39,20.0,5.2,0,4,НОРМА,,,69.5,222.4,234.5,Таруса,2026-07-15,2026-07-18–2026-07-20,Паводковый индекс 4/4
2026-07-09T20:46:05.512348+00:00,0.89,89.0,-10.0,108.43,ok,,,,-26.0,-26.0,39,20.1,5.2,0,4,НОРМА,,,69.5,222.4,234.5,Таруса,2026-07-15,2026-07-18–2026-07-20,Паводковый индекс 4/4
2026-07-10T06:07:45.705105+00:00,0.89,89.0,-10.0,108.43,ok,,,,-26.0,-26.0,39,28.8,5.6,0,4,НОРМА,,,73.1,,233.4,Таруса,2026-07-15,2026-07-18–2026-07-20,Паводковый индекс 4/4
2026-07-10T08:14:19.686743+00:00,0.89,89.0,-10.0,108.43,ok,,,,-26.0,-26.0,39,28.8,5.6,0,4,НОРМА,,,73.1,220.3,233.4,Таруса,2026-07-15,2026-07-18–2026-07-20,Паводковый индекс 4/4
2026-07-10T12:16:21.953927+00:00,0.89,89.0,-10.0,108.43,ok,,,,-26.0,-26.0,39,28.6,4.7,0,4,НОРМА,,,73.1,220.3,,Калуга,2026-07-15,2026-07-18–2026-07-20,Паводковый индекс 4/4
2026-07-10T16:59:39.179156+00:00,0.89,89.0,-10.0,108.43,ok,,,,-26.0,-26.0,39,28.2,4.7,0,4,НОРМА,,,73.1,220.3,233.4,Таруса,2026-07-16,2026-07-20–2026-07-22,Паводковый индекс 4/4
2026-07-10T20:21:36.412656+00:00,0.89,89.0,-10.0,108.43,ok,,,,-26.0,-26.0,39,28.2,4.7,0,4,НОРМА,,,73.1,220.3,,Алексин,2026-07-16,2026-07-20–2026-07-22,Паводковый индекс 4/4
2026-07-11T05:16:27.240417+00:00,0.89,89.0,-10.0,108.43,ok,,,,-26.0,-26.0,39,20.9,17.7,0,4,НОРМА,,,86.3,,242.8,Таруса,2026-07-16,2026-07-20–2026-07-22,Паводковый индекс 4/4
2026-07-11T07:03:48.913496+00:00,0.89,89.0,-10.0,108.43,ok,,,,-26.0,-26.0,39,21.3,9.1,0,4,НОРМА,,,86.3,,242.8,Таруса,2026-07-16,2026-07-20–2026-07-22,Паводковый индекс 4/4
2026-07-11T10:49:33.758033+00:00,0.89,89.0,-10.0,108.43,ok,,,,-26.0,-26.0,39,21.5,12.8,0,4,НОРМА,,,86.3,,242.8,Таруса,2026-07-16,2026-07-20–2026-07-22,Паводковый индекс 4/4
2026-07-11T15:59:12.199643+00:00,0.89,89.0,-10.0,108.43,ok,,,,-26.0,-26.0,39,21.5,12.6,0,4,НОРМА,,,86.3,240.0,,Алексин,2026-07-16,2026-07-19–2026-07-21,Паводковый индекс 4/4
2026-07-11T20:04:46.147024+00:00,0.89,89.0,-10.0,108.43,ok,,,,-26.0,-26.0,39,21.5,9.8,0,4,НОРМА,,,,240.0,242.8,Таруса,2026-07-16,2026-07-16–2026-07-18,Паводковый индекс 4/4
2026-07-12T05:31:57.490399+00:00,0.89,89.0,-10.0,108.43,ok,,,,-26.0,-26.0,39,18.7,11.3,0,4,НОРМА,,,97.6,269.4,271.3,Таруса,2026-07-16,2026-07-19–2026-07-21,Паводковый индекс 4/4
2026-07-12T07:23:19.867726+00:00,0.89,89.0,-10.0,108.43,ok,,,,-26.0,-26.0,39,18.5,9.4,0,4,НОРМА,,,97.6,269.4,271.3,Таруса,2026-07-16,2026-07-19–2026-07-21,Паводковый индекс 4/4
2026-07-12T11:04:40.949135+00:00,0.89,89.0,-10.0,108.43,ok,,,,-26.0,-26.0,39,18.0,11.0,0,4,НОРМА,,,97.6,269.4,271.3,Таруса,2026-07-16,2026-07-19–2026-07-21,Паводковый индекс 4/4
2026-07-12T16:02:19.402902+00:00,0.89,89.0,-10.0,108.43,ok,,,,-26.0,-26.0,39,18.0,11.0,0,4,НОРМА,,,97.6,269.4,271.3,Таруса,2026-07-16,2026-07-19–2026-07-21,Паводковый индекс 4/4
2026-07-12T20:05:35.715254+00:00,0.89,89.0,-10.0,108.43,ok,,,,-26.0,-26.0,39,18.0,12.4,0,4,НОРМА,,,97.6,269.4,271.3,Таруса,2026-07-16,2026-07-19–2026-07-21,Паводковый индекс 4/4
2026-07-13T05:41:07.702856+00:00,0.89,89.0,-10.0,108.43,ok,,,,-26.0,-26.0,39,23.5,0,0,4,НОРМА,,,111.7,321.9,311.6,Таруса,2026-07-16,2026-07-19–2026-07-21,Паводковый индекс 4/4
2026-07-13T08:00:19.850517+00:00,0.89,89.0,-10.0,108.43,ok,,,,-26.0,-26.0,39,22.7,0,0,4,НОРМА,,,111.7,,311.6,Таруса,2026-07-16,2026-07-19–2026-07-21,Паводковый индекс 4/4
2026-07-13T12:23:37.771319+00:00,0.89,89.0,-10.0,108.43,ok,,,,-26.0,-26.0,39,22.2,0,0,4,НОРМА,,,111.7,321.9,311.6,Таруса,2026-07-15,2026-07-18–2026-07-20,Паводковый индекс 4/4
2026-07-13T17:17:09.814565+00:00,0.89,89.0,-10.0,108.43,ok,,,,-26.0,-26.0,39,22.8,0,0,4,НОРМА,,,111.7,321.9,311.6,Таруса,2026-07-15,2026-07-18–2026-07-20,Паводковый индекс 4/4
2026-07-13T20:13:41.474297+00:00,0.89,89.0,-10.0,108.43,ok,,,,-26.0,-26.0,39,22.8,0,0,4,НОРМА,,,111.7,321.9,311.6,Таруса,2026-07-15,2026-07-18–2026-07-20,Паводковый индекс 4/4
2026-07-14T04:54:22.487052+00:00,0.89,89.0,-10.0,108.43,ok,,,,-26.0,-26.0,39,25.2,0,0,4,НОРМА,,,124.9,354.6,359.6,Таруса,2026-07-15,2026-07-19–2026-07-21,Паводковый индекс 4/4
2026-07-14T07:01:19.681369+00:00,0.89,89.0,-10.0,108.43,ok,,,,-26.0,-26.0,39,25.1,0,0,4,НОРМА,,,124.9,354.6,359.6,Таруса,2026-07-15,2026-07-19–2026-07-21,Паводковый индекс 4/4
2026-07-14T11:14:09.653760+00:00,0.89,89.0,-10.0,108.43,ok,,,,-26.0,-26.0,39,24.9,0,0,4,НОРМА,,,124.9,354.6,359.6,Таруса,2026-07-15,2026-07-19–2026-07-21,Паводковый индекс 4/4
2026-07-14T16:19:15.091011+00:00,0.89,89.0,-10.0,108.43,ok,,,,-26.0,-26.0,39,25.2,0,0,4,НОРМА,,,,354.6,359.6,Таруса,2026-07-27,2026-07-27–2026-07-29,Паводковый индекс 4/4
2026-07-14T20:10:12.402629+00:00,0.89,89.0,-10.0,108.43,ok,,,,-26.0,-26.0,39,25.2,0,0,4,НОРМА,,,124.9,354.6,359.6,Таруса,2026-07-27,2026-07-30–2026-08-01,Паводковый индекс 4/4
2026-07-15T04:54:27.019721+00:00,0.89,89.0,-10.0,108.43,ok,,,,-26.0,-26.0,39,24.6,0.1,0,4,НОРМА,,,113.3,361.2,377.4,Таруса,2026-07-27,2026-07-30–2026-08-01,Паводковый индекс 4/4
2026-07-15T07:04:24.990690+00:00,0.89,89.0,-10.0,108.43,ok,,,,-26.0,-26.0,39,24.5,0.8,0,4,НОРМА,,,113.3,361.2,377.4,Таруса,2026-07-27,2026-07-30–2026-08-01,Паводковый индекс 4/4
2026-07-15T11:17:26.933939+00:00,0.89,89.0,-10.0,108.43,ok,,,,-26.0,-26.0,39,24.3,0.2,0,4,НОРМА,,,113.3,361.2,377.4,Таруса,2026-07-27,2026-07-30–2026-08-01,Паводковый индекс 4/4
2026-07-15T16:26:29.115828+00:00,0.89,89.0,-10.0,108.43,ok,,,,-26.0,-26.0,39,23.5,0.2,0,4,НОРМА,,,113.3,361.2,377.4,Таруса,2026-07-16,2026-07-20–2026-07-22,Паводковый индекс 4/4
2026-07-15T20:07:35.295854+00:00,0.89,89.0,-10.0,108.43,ok,,,,-26.0,-26.0,39,23.5,0.2,0,4,НОРМА,,,113.3,361.2,377.4,Таруса,2026-07-16,2026-07-20–2026-07-22,Паводковый индекс 4/4
2026-07-16T05:13:56.008937+00:00,0.89,89.0,-10.0,108.43,ok,,,,-26.0,-26.0,39,20.7,0.6,0,4,НОРМА,,,113.0,353.8,378.3,Таруса,2026-07-17,2026-07-21–2026-07-23,Паводковый индекс 4/4
2026-07-16T07:13:22.014574+00:00,0.89,89.0,-10.0,108.43,ok,,,,-26.0,-26.0,39,19.9,1.0,0,4,НОРМА,,,113.0,353.8,378.3,Таруса,2026-07-17,2026-07-21–2026-07-23,Паводковый индекс 4/4
2026-07-16T11:23:23.872473+00:00,0.89,89.0,-10.0,108.43,ok,,,,-26.0,-26.0,39,20.6,0.1,0,4,НОРМА,,,113.0,353.8,,Калуга,2026-07-17,2026-07-21–2026-07-23,Паводковый индекс 4/4
2026-07-16T16:19:46.591695+00:00,0.89,89.0,-10.0,108.43,ok,,,,-26.0,-26.0,39,21.7,0.1,0,4,НОРМА,,,113.0,353.8,378.3,Таруса,2026-07-17,2026-07-21–2026-07-23,Паводковый индекс 4/4
2026-07-16T20:01:57.072632+00:00,0.89,89.0,-10.0,108.43,ok,,,,-26.0,-26.0,39,21.7,0.1,0,4,НОРМА,,,113.0,353.8,378.3,Таруса,2026-07-17,2026-07-21–2026-07-23,Паводковый индекс 4/4
2026-07-17T05:16:43.489760+00:00,0.89,89.0,-10.0,108.43,ok,,,,-26.0,-26.0,39,20.9,0,0,4,НОРМА,,,107.4,336.3,362.9,Таруса,2026-07-31,2026-07-22–2026-07-24,Паводковый индекс 4/4
2026-07-17T07:08:05.151466+00:00,0.89,89.0,-10.0,108.43,ok,,,,-26.0,-26.0,39,21.0,0,0,4,НОРМА,,,107.4,336.3,362.9,Таруса,2026-07-31,2026-07-22–2026-07-24,Паводковый индекс 4/4
2026-07-17T11:11:18.264605+00:00,0.89,89.0,-10.0,108.43,ok,,,,-26.0,-26.0,39,21.3,0,0,4,НОРМА,,,107.4,336.3,362.9,Таруса,2026-07-31,2026-07-22–2026-07-24,Паводковый индекс 4/4
2026-07-17T16:18:27.326311+00:00,0.89,89.0,-10.0,108.43,ok,,,,-26.0,-26.0,39,21.8,0,0,4,НОРМА,,,107.4,,362.9,Таруса,2026-07-30,2026-08-02–2026-08-04,Паводковый индекс 4/4
2026-07-17T20:04:53.102774+00:00,0.89,89.0,-10.0,108.43,ok,,,,-26.0,-26.0,39,21.8,0,0,4,НОРМА,,,107.4,336.3,362.9,Таруса,2026-07-30,2026-08-02–2026-08-04,Паводковый индекс 4/4
2026-07-18T04:51:39.057956+00:00,0.89,89.0,-10.0,108.43,ok,,,,-26.0,-26.0,39,25.1,0,0,4,НОРМА,,,101.8,318.9,344.9,Таруса,2026-07-30,2026-08-02–2026-08-04,Паводковый индекс 4/4
2026-07-18T06:51:33.384203+00:00,0.89,89.0,-10.0,108.43,ok,,,,-26.0,-26.0,39,25.1,0,0,4,НОРМА,,,101.8,318.9,344.9,Таруса,2026-07-30,2026-08-02–2026-08-04,Паводковый индекс 4/4
2026-07-18T10:53:24.716749+00:00,0.89,89.0,-10.0,108.43,ok,,,,-26.0,-26.0,39,25.6,0,0,4,НОРМА,,,101.8,318.9,344.9,Таруса,2026-07-30,2026-08-02–2026-08-04,Паводковый индекс 4/4
2026-07-18T16:00:36.385736+00:00,0.89,89.0,-10.0,108.43,ok,,,,-26.0,-26.0,39,25.1,0,0,4,НОРМА,,,101.8,318.9,344.9,Таруса,2026-07-19,2026-07-23–2026-07-25,Паводковый индекс 4/4
2026-07-18T20:02:43.756364+00:00,0.89,89.0,-10.0,108.43,ok,,,,-26.0,-26.0,39,25.1,0,0,4,НОРМА,,,101.8,318.9,344.9,Таруса,2026-07-19,2026-07-23–2026-07-25,Паводковый индекс 4/4
2026-07-19T05:25:52.060414+00:00,0.89,89.0,-10.0,108.43,ok,,,,-26.0,-26.0,39,27.3,0,0,4,НОРМА,,,94.1,296.9,,Калуга,2026-07-20,2026-07-24–2026-07-26,Паводковый индекс 4/4
2026-07-19T07:20:41.030850+00:00,0.89,89.0,-10.0,108.43,ok,,,,-26.0,-26.0,39,27.3,0,0,4,НОРМА,,,94.1,296.9,323.3,Таруса,2026-07-20,2026-07-24–2026-07-26,Паводковый индекс 4/4
2026-07-19T11:02:05.944104+00:00,0.89,89.0,-10.0,108.43,ok,,,,-26.0,-26.0,39,27.5,0,0,4,НОРМА,,,94.1,296.9,323.3,Таруса,2026-07-20,2026-07-24–2026-07-26,Паводковый индекс 4/4
2026-07-19T16:00:39.953735+00:00,0.89,89.0,-10.0,108.43,ok,,,,-26.0,-26.0,39,26.9,0,0,4,НОРМА,,,,,323.3,Таруса,2026-07-29,2026-07-29–2026-07-31,Паводковый индекс 4/4
2026-07-19T20:06:45.739019+00:00,0.89,89.0,-10.0,108.43,ok,,,,-26.0,-26.0,39,26.9,0,0,4,НОРМА,,,94.1,296.9,323.3,Таруса,2026-07-29,2026-08-01–2026-08-03,Паводковый индекс 4/4
2026-07-20T05:43:00.073311+00:00,0.89,89.0,-10.0,108.43,ok,,,,-26.0,-26.0,39,27.7,0,0,4,НОРМА,,,87.3,275.7,301.7,Таруса,2026-07-29,2026-08-01–2026-08-03,Паводковый индекс 4/4
2026-07-20T07:49:40.021936+00:00,0.89,89.0,-10.0,108.43,ok,,,,-26.0,-26.0,39,27.9,0,0,4,НОРМА,,,87.3,275.7,301.7,Таруса,2026-07-29,2026-08-01–2026-08-03,Паводковый индекс 4/4
2026-07-20T12:06:24.293514+00:00,0.89,89.0,-10.0,108.43,ok,,,,-26.0,-26.0,39,27.9,0,0,4,НОРМА,,,87.3,275.7,301.7,Таруса,2026-07-29,2026-08-01–2026-08-03,Паводковый индекс 4/4
2026-07-20T16:26:54.645914+00:00,0.89,89.0,-10.0,108.43,ok,,,,-26.0,-26.0,39,27.9,0,0,4,НОРМА,,,87.3,275.7,301.7,Таруса,2026-07-31,2026-08-03–2026-08-05,Паводковый индекс 4/4
2026-07-20T20:19:17.980409+00:00,0.89,89.0,-10.0,108.43,ok,,,,-26.0,-26.0,39,27.9,0,0,4,НОРМА,,,87.3,275.7,301.7,Таруса,2026-07-31,2026-08-03–2026-08-05,Паводковый индекс 4/4
2026-07-21T05:23:55.133240+00:00,0.89,89.0,-10.0,108.43,ok,,,,-26.0,-26.0,39,25.6,5.6,0,4,НОРМА,,,80.8,,279.5,Таруса,2026-07-31,2026-08-03–2026-08-05,Паводковый индекс 4/4
2026-07-21T07:26:00.930188+00:00,0.89,89.0,-10.0,108.43,ok,,,,-26.0,-26.0,39,25.2,6.5,0,4,НОРМА,,,80.8,255.4,279.5,Таруса,2026-07-31,2026-08-03–2026-08-05,Паводковый индекс 4/4
2026-07-21T11:39:35.465926+00:00,0.89,89.0,-10.0,108.43,ok,,,,-26.0,-26.0,39,24.8,6.4,0,4,НОРМА,,,80.8,255.4,279.5,Таруса,2026-07-31,2026-08-03–2026-08-05,Паводковый индекс 4/4
2026-07-21T16:25:26.381312+00:00,0.89,89.0,-10.0,108.43,ok,,,,-26.0,-26.0,39,24.8,2.2,0,4,НОРМА,,,80.8,255.4,279.5,Таруса,2026-07-31,2026-08-06–2026-08-08,Паводковый индекс 4/4
2026-07-21T20:17:52.009118+00:00,0.89,89.0,-10.0,108.43,ok,,,,-26.0,-26.0,39,24.8,2.0,0,4,НОРМА,,,80.8,255.4,279.5,Таруса,2026-07-31,2026-08-06–2026-08-08,Паводковый индекс 4/4
2026-07-22T05:22:37.737345+00:00,0.89,89.0,-10.0,108.43,ok,,,,-26.0,-26.0,39,23.9,4.6,0,4,НОРМА,,,75.6,237.2,260.2,Таруса,2026-07-31,2026-08-06–2026-08-08,Паводковый индекс 4/4
2026-07-22T07:28:18.440533+00:00,0.89,89.0,-10.0,108.43,ok,,,,-26.0,-26.0,39,24.3,4.3,0,4,НОРМА,,,75.6,237.2,,Калуга,2026-07-30,2026-08-06–2026-08-08,Паводковый индекс 4/4
2026-07-22T11:39:42.609091+00:00,0.89,89.0,-10.0,108.43,ok,,,,-26.0,-26.0,39,24.2,4.3,0,4,НОРМА,,,75.6,237.2,,Алексин,2026-07-31,2026-08-06–2026-08-08,Паводковый индекс 4/4
2026-07-22T16:22:10.969465+00:00,0.89,89.0,-10.0,108.43,ok,,,,-26.0,-26.0,39,24.0,4.3,0,4,НОРМА,,,75.6,237.2,260.2,Таруса,2026-07-23,2026-07-27–2026-07-29,Паводковый индекс 4/4
2026-07-22T20:10:25.404338+00:00,0.89,89.0,-10.0,108.43,ok,,,,-26.0,-26.0,39,24.0,4.3,0,4,НОРМА,,,75.6,237.2,260.2,Таруса,2026-07-23,2026-07-27–2026-07-29,Паводковый индекс 4/4
2026-07-23T05:29:04.651531+00:00,0.89,89.0,-10.0,108.43,ok,,,,-26.0,-26.0,39,22.2,0,0,4,НОРМА,,,70.6,223.9,243.9,Таруса,2026-07-24,2026-07-28–2026-07-30,Паводковый индекс 4/4
2026-07-23T07:25:45.656127+00:00,0.89,89.0,-10.0,108.43,ok,,,,-26.0,-26.0,39,22.0,0,0,4,НОРМА,,,70.6,223.9,243.9,Таруса,2026-07-24,2026-07-28–2026-07-30,Паводковый индекс 4/4
2026-07-23T11:43:14.305188+00:00,0.89,89.0,-10.0,108.43,ok,,,,-26.0,-26.0,39,21.9,0,0,4,НОРМА,,,70.6,223.9,243.9,Таруса,2026-07-24,2026-07-28–2026-07-30,Паводковый индекс 4/4
2026-07-23T16:38:59.946355+00:00,0.89,89.0,-10.0,108.43,ok,,,,-26.0,-26.0,39,21.3,0,0,4,НОРМА,,,70.6,223.9,243.9,Таруса,2026-08-03,2026-08-06–2026-08-08,Паводковый индекс 4/4
2026-07-23T20:11:10.078607+00:00,0.89,89.0,-10.0,108.43,ok,,,,-26.0,-26.0,39,21.3,0,0,4,НОРМА,,,70.6,223.9,243.9,Таруса,2026-08-03,2026-08-06–2026-08-08,Паводковый индекс 4/4
2026-07-24T05:23:24.420939+00:00,0.89,89.0,-10.0,108.43,ok,,,,-26.0,-26.0,39,20.4,2.6,0,4,НОРМА,,,66.3,211.3,,Алексин,2026-08-03,2026-08-06–2026-08-08,Паводковый индекс 4/4
2026-07-24T07:23:53.465938+00:00,0.89,89.0,-10.0,108.43,cached,,,,-26.0,-26.0,39,20.9,1.6,0,4,НОРМА,,,66.3,211.3,228.6,Таруса,2026-08-03,2026-08-06–2026-08-08,Паводковый индекс 4/4
2026-07-24T11:27:38.082020+00:00,0.89,89.0,-10.0,108.43,cached,,,,-26.0,-26.0,39,21.0,1.3,0,4,НОРМА,,,66.3,211.3,,Алексин,2026-08-03,2026-08-06–2026-08-08,Паводковый индекс 4/4
2026-07-24T16:45:34.811790+00:00,0.89,89.0,-10.0,108.43,cached,,,,-26.0,-26.0,39,22.5,0,0,4,НОРМА,,,66.3,,228.6,Таруса,2026-07-25,2026-07-29–2026-07-31,Паводковый индекс 4/4
2026-07-24T20:18:09.375870+00:00,0.89,89.0,-10.0,108.43,cached,,,,-26.0,-26.0,39,22.5,0,0,4,НОРМА,,,66.3,211.3,228.6,Таруса,2026-07-25,2026-07-29–2026-07-31,Паводковый индекс 4/4
2026-07-25T05:17:47.531222+00:00,0.89,89.0,-10.0,108.43,cached,,,,-26.0,-26.0,39,22.7,0,0,4,НОРМА,,,,,218.3,Таруса,2026-07-26,2026-07-26–2026-07-28,Паводковый индекс 4/4
2026-07-25T07:08:02.698562+00:00,0.89,89.0,-10.0,108.43,cached,,,,-26.0,-26.0,39,22.0,0,0,4,НОРМА,,,65.7,,218.3,Таруса,2026-07-26,2026-07-30–2026-08-01,Паводковый индекс 4/4
2026-07-25T10:58:35.698325+00:00,0.89,89.0,-10.0,108.43,cached,,,,-26.0,-26.0,39,22.5,0,0,4,НОРМА,,,65.7,204.6,218.3,Таруса,2026-07-26,2026-07-30–2026-08-01,Паводковый индекс 4/4
2026-07-25T16:06:56.584711+00:00,0.89,89.0,-10.0,108.43,cached,,,,-26.0,-26.0,39,21.2,0,0,4,НОРМА,,,65.7,204.6,218.3,Таруса,2026-08-09,2026-07-30–2026-08-01,Паводковый индекс 4/4
2026-07-25T20:09:38.803272+00:00,0.89,89.0,-10.0,108.43,cached,,,,-26.0,-26.0,39,21.2,0,0,4,НОРМА,,,65.7,204.6,218.3,Таруса,2026-08-09,2026-07-30–2026-08-01,Паводковый индекс 4/4
2026-07-26T05:35:32.008605+00:00,0.89,89.0,-10.0,108.43,cached,,,,-26.0,-26.0,39,19.5,1.3,0,4,НОРМА,,,62.5,196.2,210.3,Таруса,2026-08-09,2026-07-31–2026-08-02,Паводковый индекс 4/4
2026-07-26T07:29:13.119060+00:00,0.89,89.0,-10.0,108.43,cached,,,,-26.0,-26.0,39,18.7,3.6,0,4,НОРМА,,,62.5,196.2,210.3,Таруса,2026-08-09,2026-07-31–2026-08-02,Паводковый индекс 4/4
2026-07-26T11:11:00.795009+00:00,0.89,89.0,-10.0,108.43,cached,,,,-26.0,-26.0,39,17.7,4.0,0,4,НОРМА,,,62.5,196.2,210.3,Таруса,2026-08-09,2026-07-31–2026-08-02,Паводковый индекс 4/4
2026-07-26T16:04:32.218394+00:00,0.89,89.0,-10.0,108.43,cached,,,,-26.0,-26.0,39,17.7,4.7,0,4,НОРМА,,,62.5,196.2,210.3,Таруса,2026-08-03,2026-08-06–2026-08-08,Паводковый индекс 4/4
2026-07-26T20:08:15.244645+00:00,0.89,89.0,-10.0,108.43,cached,,,,-26.0,-26.0,39,17.7,4.3,0,4,НОРМА,,,62.5,196.2,210.3,Таруса,2026-08-03,2026-08-06–2026-08-08,Паводковый индекс 4/4
2026-07-27T05:54:08.752668+00:00,0.89,89.0,-10.0,108.43,cached,,,,-26.0,-26.0,39,25.1,0,0,4,НОРМА,,,59.1,188.7,203.6,Таруса,2026-08-03,2026-08-06–2026-08-08,Паводковый индекс 4/4
2026-07-27T08:19:49.819490+00:00,0.89,89.0,-10.0,108.43,cached,,,,-26.0,-26.0,39,25.4,0,0,4,НОРМА,,,59.1,188.7,203.6,Таруса,2026-08-03,2026-08-06–2026-08-08,Паводковый индекс 4/4
2026-07-27T12:46:30.543366+00:00,0.89,89.0,-10.0,108.43,cached,,,,-26.0,-26.0,39,25.5,0,0,4,НОРМА,,,59.1,188.7,203.6,Таруса,2026-08-02,2026-08-12–2026-08-14,Паводковый индекс 4/4
2026-07-27T17:01:34.582652+00:00,0.89,89.0,-10.0,108.43,cached,,,,-26.0,-26.0,39,25.3,0,0,4,НОРМА,,,,188.7,203.6,Таруса,2026-08-02,2026-08-02–2026-08-04,Паводковый индекс 4/4
2026-07-27T20:21:00.919128+00:00,0.89,89.0,-10.0,108.43,cached,,,,-26.0,-26.0,39,25.3,0,0,4,НОРМА,,,59.1,188.7,203.6,Таруса,2026-08-02,2026-08-12–2026-08-14,Паводковый индекс 4/4
2026-07-28T05:17:55.190999+00:00,0.89,89.0,-10.0,108.43,cached,,,,-26.0,-26.0,39,26.6,1.9,0,4,НОРМА,,,56.1,,,Алексин,2026-08-02,2026-08-12–2026-08-14,Паводковый индекс 4/4
2026-07-28T07:29:54.049957+00:00,0.89,89.0,-10.0,108.43,cached,,,,-26.0,-26.0,39,26.5,1.4,0,4,НОРМА,,,56.1,181.0,194.9,Таруса,2026-08-02,2026-08-12–2026-08-14,Паводковый индекс 4/4
2026-07-28T11:48:04.217305+00:00,0.89,89.0,-10.0,108.43,cached,,,,-26.0,-26.0,39,27.4,1.1,0,4,НОРМА,,,56.1,181.0,194.9,Таруса,2026-08-02,2026-08-12–2026-08-14,Паводковый индекс 4/4
2026-07-28T16:43:19.685748+00:00,0.89,89.0,-10.0,108.43,cached,,,,-26.0,-26.0,39,28.2,1.3,0,4,НОРМА,,,56.1,181.0,194.9,Таруса,2026-08-03,2026-08-06–2026-08-08,Паводковый индекс 4/4
2026-07-28T20:15:15.887290+00:00,0.89,89.0,-10.0,108.43,cached,,,,-26.0,-26.0,39,28.2,2.0,0,4,НОРМА,,,56.1,181.0,194.9,Таруса,2026-08-03,2026-08-06–2026-08-08,Паводковый индекс 4/4
2026-07-29T05:25:03.003815+00:00,0.89,89.0,-10.0,108.43,cached,,,,-26.0,-26.0,39,17.5,2.9,0,4,НОРМА,,,55.5,187.8,191.8,Таруса,2026-08-03,2026-08-06–2026-08-08,Паводковый индекс 4/4
2026-07-29T07:35:39.384760+00:00,0.89,89.0,-10.0,108.43,cached,,,,-26.0,-26.0,39,17.5,4.1,0,4,НОРМА,,,55.5,187.8,191.8,Таруса,2026-08-03,2026-08-06–2026-08-08,Паводковый индекс 4/4
2026-07-29T11:51:20.893945+00:00,0.89,89.0,-10.0,108.43,cached,,,,-26.0,-26.0,39,17.5,4.0,0,4,НОРМА,,,55.5,187.8,191.8,Таруса,2026-08-03,2026-08-06–2026-08-08,Паводковый индекс 4/4
2026-07-29T16:24:43.224543+00:00,0.89,89.0,-10.0,108.43,cached,,,,-26.0,-26.0,39,17.5,3.2,0,4,НОРМА,,,55.5,187.8,191.8,Таруса,2026-08-02,2026-08-06–2026-08-08,Паводковый индекс 4/4
2026-07-29T20:11:39.832219+00:00,0.89,89.0,-10.0,108.43,cached,,,,-26.0,-26.0,39,17.5,3.7,0,4,НОРМА,,,55.5,187.8,191.8,Таруса,2026-08-02,2026-08-06–2026-08-08,Паводковый индекс 4/4
2026-07-30T05:12:07.376945+00:00,0.89,89.0,-10.0,108.43,cached,,,,-26.0,-26.0,39,20.8,4.1,0,4,НОРМА,,,63.4,198.5,,Алексин,2026-08-02,2026-08-06–2026-08-08,Паводковый индекс 4/4
2026-07-30T07:25:06.758841+00:00,0.89,89.0,-10.0,108.43,cached,,,,-26.0,-26.0,39,20.1,2.3,0,4,НОРМА,,,63.4,198.5,204.6,Таруса,2026-08-02,2026-08-06–2026-08-08,Паводковый индекс 4/4
2026-07-30T11:43:08.727921+00:00,0.89,89.0,-10.0,108.43,cached,,,,-26.0,-26.0,39,19.8,2.6,0,4,НОРМА,,,63.4,198.5,204.6,Таруса,2026-08-02,2026-08-06–2026-08-08,Паводковый индекс 4/4
2026-07-30T16:38:38.889387+00:00,0.89,89.0,-10.0,108.43,ok,,,,-26.0,-26.0,39,20.6,1.8,0,4,НОРМА,,,63.4,198.5,204.6,Таруса,2026-08-02,2026-08-06–2026-08-08,Паводковый индекс 4/4
2026-07-30T20:13:14.273332+00:00,0.89,89.0,-10.0,108.43,ok,,,,-26.0,-26.0,39,20.6,1.7,0,4,НОРМА,,,63.4,198.5,204.6,Таруса,2026-08-02,2026-08-06–2026-08-08,Паводковый индекс 4/4
2026-07-31T05:38:39.902145+00:00,0.89,89.0,-10.0,108.43,ok,,,,-26.0,-26.0,39,25.3,0,0,4,НОРМА,,,76.6,228.1,223.9,Таруса,2026-08-02,2026-08-06–2026-08-08,Паводковый индекс 4/4
2026-07-31T07:43:17.265586+00:00,0.89,89.0,-10.0,108.43,ok,,,,-26.0,-26.0,39,25.2,0,0,4,НОРМА,,,76.6,228.1,223.9,Таруса,2026-08-02,2026-08-06–2026-08-08,Паводковый индекс 4/4
2026-07-31T11:50:05.604172+00:00,0.89,89.0,-10.0,108.43,ok,,,,-26.0,-26.0,39,25.0,0,0,4,НОРМА,,,76.6,228.1,223.9,Таруса,2026-08-02,2026-08-06–2026-08-08,Паводковый индекс 4/4
2026-07-31T16:48:15.218304+00:00,0.89,89.0,-10.0,108.43,ok,,,,-26.0,-26.0,39,24.9,0,0,4,НОРМА,,,76.6,228.1,223.9,Таруса,2026-08-03,2026-08-06–2026-08-08,Паводковый индекс 4/4
2026-07-31T20:19:57.277941+00:00,0.89,89.0,-10.0,108.43,ok,,,,-26.0,-26.0,39,24.9,0,0,4,НОРМА,,,76.6,228.1,223.9,Таруса,2026-08-03,2026-08-06–2026-08-08,Паводковый индекс 4/4
2026-08-01T05:32:23.632294+00:00,0.89,89.0,-10.0,108.43,ok,,,,-26.0,-26.0,39,26.8,0,0,4,НОРМА,,,93.0,267.5,,Алексин,2026-08-02,2026-08-06–2026-08-08,Паводковый индекс 4/4
2026-08-01T07:21:59.014635+00:00,0.89,89.0,-10.0,108.43,ok,,,,-26.0,-26.0,39,26.9,0,0,4,НОРМА,,,93.0,267.5,257.8,Таруса,2026-08-03,2026-08-06–2026-08-08,Паводковый индекс 4/4
2026-08-01T11:07:47.571175+00:00,0.89,89.0,-10.0,108.43,ok,,,,-26.0,-26.0,39,27.2,0,0,4,НОРМА,,,93.0,267.5,257.8,Таруса,2026-08-03,2026-08-06–2026-08-08,Паводковый индекс 4/4
2026-08-01T16:03:49.435633+00:00,0.89,89.0,-10.0,108.43,ok,,,,-26.0,-26.0,39,27.1,0,0,4,НОРМА,,,93.0,267.5,257.8,Таруса,2026-08-03,2026-08-06–2026-08-08,Паводковый индекс 4/4
2026-08-01T20:08:48.252222+00:00,0.89,89.0,-10.0,108.43,ok,,,,-26.0,-26.0,39,27.1,0,0,4,НОРМА,,,93.0,267.5,257.8,Таруса,2026-08-03,2026-08-06–2026-08-08,Паводковый индекс 4/4
2026-08-02T05:33:36.331402+00:00,0.89,89.0,-10.0,108.43,ok,,,,-26.0,-26.0,39,30.1,0,0,4,НОРМА,,,92.5,284.1,288.7,Таруса,2026-08-03,2026-08-07–2026-08-09,Паводковый индекс 4/4
2026-08-02T07:25:57.217776+00:00,0.89,89.0,-10.0,108.43,ok,,,,-26.0,-26.0,39,30.0,0.1,0,4,НОРМА,,,92.5,284.1,288.7,Таруса,2026-08-03,2026-08-07–2026-08-09,Паводковый индекс 4/4
2026-08-02T11:08:36.549197+00:00,0.89,89.0,-10.0,108.43,ok,,,,-26.0,-26.0,39,30.5,0,0,4,НОРМА,,,92.5,284.1,288.7,Таруса,2026-08-03,2026-08-07–2026-08-09,Паводковый индекс 4/4
2026-08-02T16:03:08.668069+00:00,0.89,89.0,-10.0,108.43,ok,,,,-26.0,-26.0,39,30.1,0,0,4,НОРМА,,,92.5,284.1,,Алексин,2026-08-03,2026-08-07–2026-08-09,Паводковый индекс 4/4
2026-08-02T20:08:33.061852+00:00,0.89,89.0,-10.0,108.43,ok,,,,-26.0,-26.0,39,30.1,0,0,4,НОРМА,,,92.5,284.1,288.7,Таруса,2026-08-03,2026-08-07–2026-08-09,Паводковый индекс 4/4
2026-08-03T05:46:43.059586+00:00,0.89,89.0,-10.0,108.43,ok,,,,-26.0,-26.0,39,25.1,2.7,0,4,НОРМА,,,87.1,273.2,292.1,Таруса,2026-08-04,2026-08-08–2026-08-10,Паводковый индекс 4/4
2026-08-03T08:18:37.516534+00:00,0.89,89.0,-10.0,108.43,ok,,,,-26.0,-26.0,39,25.1,2.7,0,4,НОРМА,,,87.1,273.2,292.1,Таруса,2026-08-04,2026-08-08–2026-08-10,Паводковый индекс 4/4
2026-08-03T12:46:26.110329+00:00,0.89,89.0,-10.0,108.43,ok,,,,-26.0,-26.0,39,24.6,2.7,0,4,НОРМА,,,87.1,273.2,292.1,Таруса,2026-08-12,2026-08-15–2026-08-17,Паводковый индекс 4/4
2026-08-03T17:10:43.908940+00:00,0.89,89.0,-10.0,108.43,ok,,,,-26.0,-26.0,39,24.9,2.7,0,4,НОРМА,,,87.1,273.2,292.1,Таруса,2026-08-12,2026-08-15–2026-08-17,Паводковый индекс 4/4
2026-08-03T20:26:13.327926+00:00,0.89,89.0,-10.0,108.43,ok,,,,-26.0,-26.0,39,24.9,2.7,0,4,НОРМА,,,87.1,273.2,292.1,Таруса,2026-08-12,2026-08-15–2026-08-17,Паводковый индекс 4/4
2026-08-04T05:17:59.478226+00:00,0.89,89.0,-10.0,108.43,ok,,,,-26.0,-26.0,39,25.6,0,0,4,НОРМА,,,79.7,251.9,275.1,Таруса,2026-08-12,2026-08-15–2026-08-17,Паводковый индекс 4/4
2026-08-04T07:29:37.726462+00:00,0.89,89.0,-10.0,108.43,ok,,,,-26.0,-26.0,39,25.8,0,0,4,НОРМА,,,79.7,251.9,275.1,Таруса,2026-08-12,2026-08-15–2026-08-17,Паводковый индекс 4/4
2026-08-04T11:52:10.486702+00:00,0.89,89.0,-10.0,108.43,ok,,,,-26.0,-26.0,39,26.4,0,0,4,НОРМА,,,79.7,251.9,275.1,Таруса,2026-08-12,2026-08-15–2026-08-17,Паводковый индекс 4/4
2026-08-04T16:55:33.920776+00:00,0.89,89.0,-10.0,108.43,ok,,,,-26.0,-26.0,39,26.3,0,0,4,НОРМА,,,,251.9,275.1,Таруса,2026-08-05,2026-08-05–2026-08-07,Паводковый индекс 4/4
2026-08-04T20:22:45.321352+00:00,0.89,89.0,-10.0,108.43,ok,,,,-26.0,-26.0,39,26.3,0,0,4,НОРМА,,,79.7,251.9,275.1,Таруса,2026-08-05,2026-08-09–2026-08-11,Паводковый индекс 4/4
2026-08-05T05:17:34.881104+00:00,0.89,89.0,-10.0,108.43,ok,,,,-26.0,-26.0,39,27.4,0,0,4,НОРМА,,,74.3,234.0,254.9,Таруса,2026-08-06,2026-08-10–2026-08-12,Паводковый индекс 4/4
2026-08-05T07:30:04.750317+00:00,0.89,89.0,-10.0,108.43,ok,,,,-26.0,-26.0,39,27.0,0,0,4,НОРМА,,,74.3,,254.9,Таруса,2026-08-06,2026-08-10–2026-08-12,Паводковый индекс 4/4
2026-08-05T11:48:25.321114+00:00,0.89,89.0,-10.0,108.43,ok,,,,-26.0,-26.0,39,27.0,0,0,4,НОРМА,,,74.3,234.0,,Алексин,2026-08-06,2026-08-10–2026-08-12,Паводковый индекс 4/4
2026-08-05T16:44:11.396812+00:00,0.89,89.0,-10.0,108.43,ok,,,,-26.0,-26.0,39,27.3,0,0,4,НОРМА,,,74.3,234.0,254.9,Таруса,2026-08-06,2026-08-10–2026-08-12,Паводковый индекс 4/4
2026-08-05T20:25:21.720871+00:00,0.89,89.0,-10.0,108.43,ok,,,,-26.0,-26.0,39,27.3,0,0,4,НОРМА,,,74.3,234.0,254.9,Таруса,2026-08-06,2026-08-10–2026-08-12,Паводковый индекс 4/4
2026-08-06T05:19:45.748571+00:00,0.89,89.0,-10.0,108.43,ok,,,,-26.0,-26.0,39,29.9,0.3,0,4,НОРМА,,,71.1,217.3,,Алексин,2026-08-07,2026-08-11–2026-08-13,Паводковый индекс 4/4
2026-08-06T07:30:25.979084+00:00,0.89,89.0,-10.0,108.43,ok,,,,-26.0,-26.0,39,30.3,0.2,0,4,НОРМА,,,71.1,,236.7,Таруса,2026-08-07,2026-08-11–2026-08-13,Паводковый индекс 4/4
2026-08-06T11:53:22.749188+00:00,0.89,89.0,-10.0,108.43,ok,,,,-26.0,-26.0,39,30.5,0.2,0,4,НОРМА,,,71.1,217.3,236.7,Таруса,2026-08-07,2026-08-11–2026-08-13,Паводковый индекс 4/4
2026-08-07T00:39:33.301515+00:00,0.89,89.0,-10.0,108.43,ok,,,,-26.0,-26.0,39,33.1,0.3,0,4,НОРМА,,,67.7,204.1,220.3,Таруса,2026-08-08,2026-08-15–2026-08-17,Паводковый индекс 4/4
2026-08-07T04:27:39.165028+00:00,0.89,89.0,-10.0,108.43,ok,,,,-26.0,-26.0,39,32.8,0.7,0,4,НОРМА,,,67.7,204.1,220.3,Таруса,2026-08-08,2026-08-15–2026-08-17,Паводковый индекс 4/4
2026-08-07T06:02:51.761611+00:00,0.89,89.0,-10.0,108.43,ok,,,,-26.0,-26.0,39,32.8,0.1,0,4,НОРМА,,,67.7,204.1,220.3,Таруса,2026-08-08,2026-08-15–2026-08-17,Паводковый индекс 4/4
2026-08-07T10:38:52.981175+00:00,0.89,89.0,-10.0,108.43,ok,,,,-26.0,-26.0,39,32.1,0.5,0,4,НОРМА,,,67.7,204.1,220.3,Таруса,2026-08-08,2026-08-15–2026-08-17,Паводковый индекс 4/4
2026-08-07T15:59:38.191150+00:00,0.89,89.0,-10.0,108.43,ok,,,,-26.0,-26.0,39,32.1,0.2,0,4,НОРМА,,,67.7,204.1,220.3,Таруса,2026-08-08,2026-08-15–2026-08-17,Паводковый индекс 4/4
2026-08-07T19:51:38.217216+00:00,0.89,89.0,-10.0,108.43,ok,,,,-26.0,-26.0,39,32.1,0.2,0,4,НОРМА,,,67.7,204.1,220.3,Таруса,2026-08-08,2026-08-15–2026-08-17,Паводковый индекс 4/4
2026-08-08T03:35:47.935910+00:00,0.89,89.0,-10.0,108.43,ok,,,,-26.0,-26.0,39,25.1,1.9,0,4,НОРМА,,,66.9,195.8,,Алексин,2026-08-11,2026-08-15–2026-08-17,Паводковый индекс 4/4
2026-08-08T05:33:19.457765+00:00,0.89,89.0,-10.0,108.43,ok,,,,-26.0,-26.0,39,25.6,0.9,0,4,НОРМА,,,66.9,195.8,208.9,Таруса,2026-08-12,2026-08-15–2026-08-17,Паводковый индекс 4/4
2026-08-08T10:17:51.357790+00:00,0.89,89.0,-10.0,108.43,ok,,,,-26.0,-26.0,39,25.4,0.7,0,4,НОРМА,,,66.9,195.8,208.9,Таруса,2026-08-12,2026-08-15–2026-08-17,Паводковый индекс 4/4
2026-08-08T15:33:52.689502+00:00,0.89,89.0,-10.0,108.43,ok,,,,-26.0,-26.0,39,25.6,0.7,0,4,НОРМА,,,66.9,195.8,,Алексин,2026-08-09,2026-08-15–2026-08-17,Паводковый индекс 4/4
2026-08-08T19:28:08.844743+00:00,0.89,89.0,-10.0,108.43,ok,,,,-26.0,-26.0,39,25.6,0.7,0,4,НОРМА,,,66.9,195.8,208.9,Таруса,2026-08-09,2026-08-15–2026-08-17,Паводковый индекс 4/4
2026-08-09T03:46:01.747401+00:00,0.89,89.0,-10.0,108.43,ok,,,,-26.0,-26.0,39,22.8,0,0,4,НОРМА,,,65.5,187.8,199.4,Таруса,2026-08-10,2026-08-15–2026-08-17,Паводковый индекс 4/4
2026-08-09T05:38:54.711429+00:00,0.89,89.0,-10.0,108.43,ok,,,,-26.0,-26.0,39,23.2,0,0,4,НОРМА,,,65.5,187.8,199.4,Таруса,2026-08-10,2026-08-15–2026-08-17,Паводковый индекс 4/4
2026-08-09T10:19:20.336155+00:00,0.89,89.0,-10.0,108.43,ok,,,,-26.0,-26.0,39,23.5,0,0,4,НОРМА,,,65.5,187.8,199.4,Таруса,2026-08-10,2026-08-15–2026-08-17,Паводковый индекс 4/4
2026-08-09T15:35:37.578813+00:00,0.89,89.0,-10.0,108.43,ok,,,,-26.0,-26.0,39,23.3,0,0,4,НОРМА,,,65.5,187.8,,Алексин,2026-08-11,2026-08-14–2026-08-16,Паводковый индекс 4/4
2026-08-09T19:31:48.062389+00:00,0.89,89.0,-10.0,108.43,ok,,,,-26.0,-26.0,39,23.3,0,0,4,НОРМА,,,65.5,187.8,199.4,Таруса,2026-08-11,2026-08-14–2026-08-16,Паводковый индекс 4/4
2026-08-10T03:59:31.054754+00:00,0.89,89.0,-10.0,108.43,ok,,,,-26.0,-26.0,39,23.8,0,0,4,НОРМА,,,,201.3,207.0,Таруса,2026-08-11,2026-08-11–2026-08-13,Паводковый индекс 4/4
2026-08-10T06:04:47.111462+00:00,0.89,89.0,-10.0,108.43,ok,,,,-26.0,-26.0,39,23.7,0,0,4,НОРМА,,,66.9,201.3,207.0,Таруса,2026-08-11,2026-08-15–2026-08-17,Паводковый индекс 4/4
2026-08-10T10:53:34.735410+00:00,0.89,89.0,-10.0,108.43,ok,,,,-26.0,-26.0,39,24.2,0,0,4,НОРМА,,,66.9,201.3,207.0,Таруса,2026-08-11,2026-08-15–2026-08-17,Паводковый индекс 4/4
2026-08-10T16:02:37.873893+00:00,0.89,89.0,-10.0,108.43,ok,,,,-26.0,-26.0,39,24.0,0,0,4,НОРМА,,,66.9,201.3,207.0,Таруса,2026-08-11,2026-08-15–2026-08-17,Паводковый индекс 4/4
2026-08-10T19:54:30.626129+00:00,0.89,89.0,-10.0,108.43,ok,,,,-26.0,-26.0,39,24.0,0,0,4,НОРМА,,,66.9,201.3,207.0,Таруса,2026-08-11,2026-08-15–2026-08-17,Паводковый индекс 4/4
2026-08-11T03:47:40.063808+00:00,0.89,89.0,-10.0,108.43,ok,,,,-26.0,-26.0,39,24.9,2.8,0,4,НОРМА,,,66.1,199.9,209.4,Таруса,2026-08-12,2026-08-16–2026-08-18,Паводковый индекс 4/4
2026-08-11T05:44:48.854139+00:00,0.89,89.0,-10.0,108.43,ok,,,,-26.0,-26.0,39,24.6,1.1,0,4,НОРМА,,,66.1,199.9,209.4,Таруса,2026-08-12,2026-08-16–2026-08-18,Паводковый индекс 4/4
2026-08-11T10:38:47.377067+00:00,0.89,89.0,-10.0,108.43,ok,,,,-26.0,-26.0,39,25.2,2.9,0,4,НОРМА,,,,199.9,209.4,Таруса,2026-08-12,2026-08-12–2026-08-14,Паводковый индекс 4/4
2026-08-11T16:02:58.190416+00:00,0.89,89.0,-10.0,108.43,ok,,,,-26.0,-26.0,39,25.3,3.2,0,4,НОРМА,,,66.1,199.9,209.4,Таруса,2026-08-12,2026-08-16–2026-08-18,Паводковый индекс 4/4
2026-08-11T19:59:21.238258+00:00,0.89,89.0,-10.0,108.43,ok,,,,-26.0,-26.0,39,25.3,4.7,0,4,НОРМА,,,66.1,199.9,,Алексин,2026-08-12,2026-08-16–2026-08-18,Паводковый индекс 4/4
2026-08-12T04:10:30.190397+00:00,0.89,89.0,-10.0,108.43,ok,,,,-26.0,-26.0,39,19.0,0,0,4,НОРМА,,,63.9,193.1,205.5,Таруса,2026-08-13,2026-08-17–2026-08-19,Паводковый индекс 4/4
2026-08-12T06:06:24.519985+00:00,0.89,89.0,-10.0,108.43,ok,,,,-26.0,-26.0,39,19.0,0,0,4,НОРМА,,,,193.1,,Алексин,2026-08-13,2026-08-14–2026-08-16,Паводковый индекс 4/4
2026-08-12T10:46:48.069470+00:00,0.89,89.0,-10.0,108.43,ok,,,,-26.0,-26.0,39,18.8,0.3,0,4,НОРМА,,,63.9,193.1,205.5,Таруса,2026-08-13,2026-08-17–2026-08-19,Паводковый индекс 4/4
2026-08-12T16:00:59.850384+00:00,0.89,89.0,-10.0,108.43,ok,,,,-26.0,-26.0,39,18.1,0.2,0,4,НОРМА,,,63.9,,205.5,Таруса,2026-08-13,2026-08-17–2026-08-19,Паводковый индекс 4/4
2026-08-12T19:59:38.612210+00:00,0.89,89.0,-10.0,108.43,ok,,,,-26.0,-26.0,39,18.1,0.2,0,4,НОРМА,,,63.9,193.1,,Алексин,2026-08-13,2026-08-17–2026-08-19,Паводковый индекс 4/4
2026-08-13T04:14:19.864177+00:00,0.89,89.0,-10.0,108.43,ok,,,,-26.0,-26.0,39,15.8,3.0,0,4,НОРМА,,,60.7,185.6,198.1,Таруса,2026-08-14,2026-08-18–2026-08-20,Паводковый индекс 4/4
2026-08-13T06:08:03.483017+00:00,0.89,89.0,-10.0,108.43,ok,,,,-26.0,-26.0,39,15.7,3.8,0,4,НОРМА,,,60.7,185.6,198.1,Таруса,2026-08-14,2026-08-18–2026-08-20,Паводковый индекс 4/4
2026-08-13T10:48:15.733728+00:00,0.89,89.0,-10.0,108.43,ok,,,,-26.0,-26.0,39,15.6,3.9,0,4,НОРМА,,,60.7,185.6,,Алексин,2026-08-14,2026-08-18–2026-08-20,Паводковый индекс 4/4
2026-08-13T16:01:33.359086+00:00,0.89,89.0,-10.0,108.43,ok,,,,-26.0,-26.0,39,15.6,2.1,0,4,НОРМА,,,60.7,185.6,198.1,Таруса,2026-08-14,2026-08-18–2026-08-20,Паводковый индекс 4/4
2026-08-13T19:54:35.818225+00:00,0.89,89.0,-10.0,108.43,ok,,,,-26.0,-26.0,39,15.6,2.1,0,4,НОРМА,,,,185.6,198.1,Таруса,2026-08-14,2026-08-14–2026-08-16,Паводковый индекс 4/4
2026-08-14T04:11:11.236322+00:00,0.89,89.0,-10.0,108.43,ok,,,,-26.0,-26.0,39,18.6,0,0,4,НОРМА,,,57.6,181.4,194.0,Таруса,2026-08-15,2026-08-19–2026-08-21,Паводковый индекс 4/4
2026-08-14T06:06:53.366417+00:00,0.89,89.0,-10.0,108.43,ok,,,,-26.0,-26.0,39,18.6,0,0,4,НОРМА,,,57.6,181.4,194.0,Таруса,2026-08-15,2026-08-19–2026-08-21,Паводковый индекс 4/4
2026-08-14T10:44:13.344671+00:00,0.89,89.0,-10.0,108.43,ok,,,,-26.0,-26.0,39,18.7,0,0,4,НОРМА,,,,181.4,194.0,Таруса,2026-08-15,2026-08-15–2026-08-17,Паводковый индекс 4/4
2026-08-14T15:55:50.867753+00:00,0.89,89.0,-10.0,108.43,ok,,,,-26.0,-26.0,39,18.5,0,0,4,НОРМА,,,57.6,181.4,,Алексин,2026-08-26,2026-08-29–2026-08-31,Паводковый индекс 4/4
2026-08-14T19:46:43.851939+00:00,0.89,89.0,-10.0,108.43,ok,,,,-26.0,-26.0,39,18.5,0,0,4,НОРМА,,,57.6,,194.0,Таруса,2026-08-26,2026-08-29–2026-08-31,Паводковый индекс 4/4
2026-08-15T02:54:11.990652+00:00,0.89,89.0,-10.0,108.43,ok,,,,-26.0,-26.0,39,20.0,1.0,0,4,НОРМА,,,55.6,176.0,187.8,Таруса,2026-08-26,2026-08-29–2026-08-31,Паводковый индекс 4/4
2026-08-15T05:14:41.840817+00:00,0.89,89.0,-10.0,108.43,ok,,,,-26.0,-26.0,39,20.3,1.3,0,4,НОРМА,,,55.6,176.0,187.8,Таруса,2026-08-26,2026-08-29–2026-08-31,Паводковый индекс 4/4
2026-08-15T10:09:27.500294+00:00,0.89,89.0,-10.0,108.43,ok,,,,-26.0,-26.0,39,20.8,0,0,4,НОРМА,,,55.6,176.0,187.8,Таруса,2026-08-26,2026-08-29–2026-08-31,Паводковый индекс 4/4
2026-08-15T15:24:58.823931+00:00,0.89,89.0,-10.0,108.43,ok,,,,-26.0,-26.0,39,21.0,0.7,0,4,НОРМА,,,55.6,176.0,187.8,Таруса,2026-08-22,2026-09-01–2026-09-03,Паводковый индекс 4/4
2026-08-15T19:19:51.940469+00:00,0.89,89.0,-10.0,108.43,ok,,,,-26.0,-26.0,39,20.9,0.4,0,4,НОРМА,,,55.6,,187.8,Таруса,2026-08-22,2026-09-01–2026-09-03,Паводковый индекс 4/4
